,index,Treatment,Plant,SFW,Replicate,order,Continent,HostFamily,HostGroup,Dunnett_p,Hedges' g
0,0.0,MOCK,1.0,0.0515,R1,-1.0,,,,,
1,3.0,MOCK,4.0,0.0418,R4,-1.0,,,,,
2,3.0,MOCK,4.0,0.0254,R8A,-1.0,,,,,
3,2.0,MOCK,3.0,0.033100000000000004,R6A,-1.0,,,,,
4,1.0,MOCK,2.0,0.0498,R8A,-1.0,,,,,
5,0.0,MOCK,1.0,0.0678,R8A,-1.0,,,,,
6,3.0,MOCK,4.0,0.0175,R7B,-1.0,,,,,
7,2.0,MOCK,3.0,0.0325,R7B,-1.0,,,,,
8,1.0,MOCK,2.0,0.034,R7B,-1.0,,,,,
9,0.0,MOCK,1.0,0.0212,R7B,-1.0,,,,,
10,0.0,MOCK,1.0,0.0344,R5,-1.0,,,,,
11,1.0,MOCK,2.0,0.030199999999999998,R5,-1.0,,,,,
12,2.0,MOCK,3.0,0.0562,R5,-1.0,,,,,
13,3.0,MOCK,4.0,0.0349,R5,-1.0,,,,,
14,3.0,MOCK,4.0,0.0459,R7A,-1.0,,,,,
15,2.0,MOCK,3.0,0.0686,R7A,-1.0,,,,,
16,1.0,MOCK,2.0,0.064,R7A,-1.0,,,,,
17,0.0,MOCK,1.0,0.0127,R7A,-1.0,,,,,
18,3.0,MOCK,4.0,0.023100000000000002,R6B,-1.0,,,,,
19,2.0,MOCK,3.0,0.0322,R6B,-1.0,,,,,
20,1.0,MOCK,2.0,0.0158,R6B,-1.0,,,,,
21,0.0,MOCK,1.0,0.018,R6B,-1.0,,,,,
22,0.0,MOCK,1.0,0.037,R6A,-1.0,,,,,
23,1.0,MOCK,2.0,0.0332,R6A,-1.0,,,,,
24,2.0,MOCK,3.0,0.07529999999999999,R4,-1.0,,,,,
25,1.0,MOCK,2.0,0.0509,R4,-1.0,,,,,
26,2.0,MOCK,3.0,0.0239,R8A,-1.0,,,,,
27,1.0,MOCK,2.0,0.0232,R9,-1.0,,,,,
28,1.0,MOCK,2.0,0.0498,R1,-1.0,,,,,
29,2.0,MOCK,3.0,0.0451,R1,-1.0,,,,,
30,3.0,MOCK,4.0,0.031,R1,-1.0,,,,,
31,0.0,MOCK,1.0,0.0301,R3,-1.0,,,,,
32,1.0,MOCK,2.0,0.0417,R3,-1.0,,,,,
33,2.0,MOCK,3.0,0.0203,R3,-1.0,,,,,
34,3.0,MOCK,4.0,0.0381,R3,-1.0,,,,,
35,3.0,MOCK,4.0,0.0314,R9,-1.0,,,,,
36,2.0,MOCK,3.0,0.0415,R9,-1.0,,,,,
37,0.0,MOCK,1.0,0.0495,R4,-1.0,,,,,
38,0.0,MOCK,1.0,0.0391,R9,-1.0,,,,,
39,3.0,MOCK,4.0,0.0759,R8C,-1.0,,,,,
40,2.0,MOCK,3.0,0.0533,R8C,-1.0,,,,,
41,3.0,MOCK,4.0,0.005900000000000001,R6A,-1.0,,,,,
42,0.0,MOCK,1.0,0.0399,R8C,-1.0,,,,,
43,7.0,MOCK,4.0,0.0809,R3,-1.0,,,,,
44,6.0,MOCK,3.0,0.0558,R3,-1.0,,,,,
45,1.0,MOCK,2.0,0.0522,R8C,-1.0,,,,,
46,5.0,MOCK,2.0,0.0516,R3,-1.0,,,,,
47,4.0,MOCK,1.0,0.0346,R3,-1.0,,,,,
48,253.0,P64,2.0,0.045399999999999996,R5,1.0,Asia,Zingiberaceae,Monocots,0.99985,
49,254.0,P64,3.0,0.0245,R5,1.0,Asia,Zingiberaceae,Monocots,0.99985,
50,255.0,P64,4.0,0.0396,R5,1.0,Asia,Zingiberaceae,Monocots,0.99985,
51,253.0,P64,2.0,0.0206,R4,1.0,Asia,Zingiberaceae,Monocots,0.99985,
52,252.0,P64,1.0,0.0337,R4,1.0,Asia,Zingiberaceae,Monocots,0.99985,
53,254.0,P64,3.0,0.0426,R4,1.0,Asia,Zingiberaceae,Monocots,0.99985,
54,255.0,P64,4.0,0.0253,R4,1.0,Asia,Zingiberaceae,Monocots,0.99985,
55,259.0,P64,4.0,0.0886,R1,1.0,Asia,Zingiberaceae,Monocots,0.99985,
56,258.0,P64,3.0,0.1048,R1,1.0,Asia,Zingiberaceae,Monocots,0.99985,
57,256.0,P64,1.0,0.0489,R3,1.0,Asia,Zingiberaceae,Monocots,0.99985,
58,257.0,P64,2.0,0.1022,R1,1.0,Asia,Zingiberaceae,Monocots,0.99985,
59,257.0,P64,2.0,0.0274,R3,1.0,Asia,Zingiberaceae,Monocots,0.99985,
60,258.0,P64,3.0,0.0377,R3,1.0,Asia,Zingiberaceae,Monocots,0.99985,
61,252.0,P64,1.0,0.0,R5,1.0,Asia,Zingiberaceae,Monocots,0.99985,
62,259.0,P64,4.0,0.0301,R3,1.0,Asia,Zingiberaceae,Monocots,0.99985,
63,256.0,P64,1.0,0.041,R1,1.0,Asia,Zingiberaceae,Monocots,0.99985,
64,121.0,P30,2.0,0.0228,R6A,2.0,NorthAmerica,Not plant,Not plant-isolated,1.0,
65,122.0,P30,3.0,0.0379,R7B,2.0,NorthAmerica,Not plant,Not plant-isolated,1.0,
66,123.0,P30,4.0,0.0518,R7B,2.0,NorthAmerica,Not plant,Not plant-isolated,1.0,
67,120.0,P30,1.0,0.0362,R6A,2.0,NorthAmerica,Not plant,Not plant-isolated,1.0,
68,120.0,P30,1.0,0.0224,R8B,2.0,NorthAmerica,Not plant,Not plant-isolated,1.0,
69,121.0,P30,2.0,0.0117,R8B,2.0,NorthAmerica,Not plant,Not plant-isolated,1.0,
70,122.0,P30,3.0,0.0257,R8B,2.0,NorthAmerica,Not plant,Not plant-isolated,1.0,
71,120.0,P30,1.0,0.0647,R7B,2.0,NorthAmerica,Not plant,Not plant-isolated,1.0,
72,120.0,P30,1.0,0.0433,R9,2.0,NorthAmerica,Not plant,Not plant-isolated,1.0,
73,123.0,P30,4.0,0.0136,R8B,2.0,NorthAmerica,Not plant,Not plant-isolated,1.0,
74,122.0,P30,3.0,0.0295,R9,2.0,NorthAmerica,Not plant,Not plant-isolated,1.0,
75,123.0,P30,4.0,0.03,R9,2.0,NorthAmerica,Not plant,Not plant-isolated,1.0,
76,123.0,P30,4.0,0.0409,R6A,2.0,NorthAmerica,Not plant,Not plant-isolated,1.0,
77,122.0,P30,3.0,0.0155,R6A,2.0,NorthAmerica,Not plant,Not plant-isolated,1.0,
78,121.0,P30,2.0,0.0481,R9,2.0,NorthAmerica,Not plant,Not plant-isolated,1.0,
79,121.0,P30,2.0,0.0511,R7B,2.0,NorthAmerica,Not plant,Not plant-isolated,1.0,
80,279.0,P117,4.0,0.0291,R1,3.0,Europe,Brassicaceae,Brassicaceae,0.85019,
81,278.0,P117,3.0,0.0348,R1,3.0,Europe,Brassicaceae,Brassicaceae,0.85019,
82,275.0,P117,4.0,0.014,R8A,3.0,Europe,Brassicaceae,Brassicaceae,0.85019,
83,274.0,P117,3.0,0.0537,R8A,3.0,Europe,Brassicaceae,Brassicaceae,0.85019,
84,273.0,P117,2.0,0.0396,R8A,3.0,Europe,Brassicaceae,Brassicaceae,0.85019,
85,272.0,P117,1.0,0.0407,R8A,3.0,Europe,Brassicaceae,Brassicaceae,0.85019,
86,277.0,P117,2.0,0.0425,R1,3.0,Europe,Brassicaceae,Brassicaceae,0.85019,
87,276.0,P117,1.0,0.0252,R1,3.0,Europe,Brassicaceae,Brassicaceae,0.85019,
88,273.0,P117,2.0,0.0134,R5,3.0,Europe,Brassicaceae,Brassicaceae,0.85019,
89,273.0,P117,2.0,0.07909999999999999,R4,3.0,Europe,Brassicaceae,Brassicaceae,0.85019,
90,272.0,P117,1.0,0.012199999999999999,R4,3.0,Europe,Brassicaceae,Brassicaceae,0.85019,
91,275.0,P117,4.0,0.0435,R5,3.0,Europe,Brassicaceae,Brassicaceae,0.85019,
92,274.0,P117,3.0,0.0295,R5,3.0,Europe,Brassicaceae,Brassicaceae,0.85019,
93,272.0,P117,1.0,0.0152,R5,3.0,Europe,Brassicaceae,Brassicaceae,0.85019,
94,275.0,P117,4.0,0.0715,R4,3.0,Europe,Brassicaceae,Brassicaceae,0.85019,
95,274.0,P117,3.0,0.0653,R4,3.0,Europe,Brassicaceae,Brassicaceae,0.85019,
96,189.0,P47,2.0,0.0121,R3,4.0,Europe,Asteraceae,Other dicots,0.12316,
97,188.0,P47,1.0,0.0247,R3,4.0,Europe,Asteraceae,Other dicots,0.12316,
98,184.0,P47,1.0,0.0053,R5,4.0,Europe,Asteraceae,Other dicots,0.12316,
99,185.0,P47,2.0,0.0038,R5,4.0,Europe,Asteraceae,Other dicots,0.12316,
100,186.0,P47,3.0,0.0013,R5,4.0,Europe,Asteraceae,Other dicots,0.12316,
101,188.0,P47,1.0,0.0592,R1,4.0,Europe,Asteraceae,Other dicots,0.12316,
102,190.0,P47,3.0,0.0451,R1,4.0,Europe,Asteraceae,Other dicots,0.12316,
103,191.0,P47,4.0,0.0142,R3,4.0,Europe,Asteraceae,Other dicots,0.12316,
104,191.0,P47,4.0,0.0372,R1,4.0,Europe,Asteraceae,Other dicots,0.12316,
105,184.0,P47,1.0,0.0289,R4,4.0,Europe,Asteraceae,Other dicots,0.12316,
106,185.0,P47,2.0,0.046200000000000005,R4,4.0,Europe,Asteraceae,Other dicots,0.12316,
107,186.0,P47,3.0,0.0264,R4,4.0,Europe,Asteraceae,Other dicots,0.12316,
108,187.0,P47,4.0,0.0286,R4,4.0,Europe,Asteraceae,Other dicots,0.12316,
109,189.0,P47,2.0,0.0564,R1,4.0,Europe,Asteraceae,Other dicots,0.12316,
110,190.0,P47,3.0,0.0222,R3,4.0,Europe,Asteraceae,Other dicots,0.12316,
111,158.0,P40,3.0,0.0354,R7A,5.0,Europe,Not plant,Not plant-isolated,0.6942,
112,159.0,P40,4.0,0.0314,R7A,5.0,Europe,Not plant,Not plant-isolated,0.6942,
113,157.0,P40,2.0,0.0311,R7A,5.0,Europe,Not plant,Not plant-isolated,0.6942,
114,156.0,P40,1.0,0.0052,R7A,5.0,Europe,Not plant,Not plant-isolated,0.6942,
115,156.0,P40,1.0,0.0417,R4,5.0,Europe,Not plant,Not plant-isolated,0.6942,
116,156.0,P40,1.0,0.0333,R8A,5.0,Europe,Not plant,Not plant-isolated,0.6942,
117,158.0,P40,3.0,0.0864,R4,5.0,Europe,Not plant,Not plant-isolated,0.6942,
118,157.0,P40,2.0,0.0475,R4,5.0,Europe,Not plant,Not plant-isolated,0.6942,
119,160.0,P40,1.0,0.0222,R1,5.0,Europe,Not plant,Not plant-isolated,0.6942,
120,161.0,P40,2.0,0.0287,R1,5.0,Europe,Not plant,Not plant-isolated,0.6942,
121,159.0,P40,4.0,0.0466,R8A,5.0,Europe,Not plant,Not plant-isolated,0.6942,
122,158.0,P40,3.0,0.0577,R8A,5.0,Europe,Not plant,Not plant-isolated,0.6942,
123,157.0,P40,2.0,0.0334,R8A,5.0,Europe,Not plant,Not plant-isolated,0.6942,
124,162.0,P40,3.0,0.0239,R1,5.0,Europe,Not plant,Not plant-isolated,0.6942,
125,163.0,P40,4.0,0.0284,R1,5.0,Europe,Not plant,Not plant-isolated,0.6942,
126,193.0,P49,2.0,0.0239,R9,6.0,Oceania,Papaveraceae,Other dicots,0.01556,
127,192.0,P49,1.0,0.0218,R9,6.0,Oceania,Papaveraceae,Other dicots,0.01556,
128,198.0,P49,3.0,0.0095,R3,6.0,Oceania,Papaveraceae,Other dicots,0.01556,
129,194.0,P49,3.0,0.0228,R9,6.0,Oceania,Papaveraceae,Other dicots,0.01556,
130,195.0,P49,4.0,0.0138,R7A,6.0,Oceania,Papaveraceae,Other dicots,0.01556,
131,194.0,P49,3.0,0.0332,R7A,6.0,Oceania,Papaveraceae,Other dicots,0.01556,
132,199.0,P49,4.0,0.008,R3,6.0,Oceania,Papaveraceae,Other dicots,0.01556,
133,192.0,P49,1.0,0.0181,R7A,6.0,Oceania,Papaveraceae,Other dicots,0.01556,
134,193.0,P49,2.0,0.0289,R7A,6.0,Oceania,Papaveraceae,Other dicots,0.01556,
135,197.0,P49,2.0,0.0236,R3,6.0,Oceania,Papaveraceae,Other dicots,0.01556,
136,196.0,P49,1.0,0.0524,R3,6.0,Oceania,Papaveraceae,Other dicots,0.01556,
137,195.0,P49,4.0,0.0463,R9,6.0,Oceania,Papaveraceae,Other dicots,0.01556,
138,196.0,P49,1.0,0.0147,R1,6.0,Oceania,Papaveraceae,Other dicots,0.01556,
139,197.0,P49,2.0,0.015,R1,6.0,Oceania,Papaveraceae,Other dicots,0.01556,
140,198.0,P49,3.0,0.016,R1,6.0,Oceania,Papaveraceae,Other dicots,0.01556,
141,199.0,P49,4.0,0.0051,R1,6.0,Oceania,Papaveraceae,Other dicots,0.01556,
142,97.0,P23,2.0,0.0112,R1,7.0,NorthAmerica,Not plant,Not plant-isolated,0.00606,
143,98.0,P23,3.0,0.0169,R1,7.0,NorthAmerica,Not plant,Not plant-isolated,0.00606,
144,99.0,P23,4.0,0.0221,R1,7.0,NorthAmerica,Not plant,Not plant-isolated,0.00606,
145,94.0,P23,3.0,0.013699999999999999,R5,7.0,NorthAmerica,Not plant,Not plant-isolated,0.00606,
146,93.0,P23,2.0,0.0272,R5,7.0,NorthAmerica,Not plant,Not plant-isolated,0.00606,
147,92.0,P23,1.0,0.0143,R5,7.0,NorthAmerica,Not plant,Not plant-isolated,0.00606,
148,96.0,P23,1.0,0.0246,R1,7.0,NorthAmerica,Not plant,Not plant-isolated,0.00606,
149,96.0,P23,1.0,0.0207,R3,7.0,NorthAmerica,Not plant,Not plant-isolated,0.00606,
150,97.0,P23,2.0,0.0169,R3,7.0,NorthAmerica,Not plant,Not plant-isolated,0.00606,
151,98.0,P23,3.0,0.0281,R3,7.0,NorthAmerica,Not plant,Not plant-isolated,0.00606,
152,95.0,P23,4.0,0.0067,R5,7.0,NorthAmerica,Not plant,Not plant-isolated,0.00606,
153,95.0,P23,4.0,0.0135,R4,7.0,NorthAmerica,Not plant,Not plant-isolated,0.00606,
154,99.0,P23,4.0,0.0186,R3,7.0,NorthAmerica,Not plant,Not plant-isolated,0.00606,
155,92.0,P23,1.0,0.0144,R4,7.0,NorthAmerica,Not plant,Not plant-isolated,0.00606,
156,94.0,P23,3.0,0.0437,R4,7.0,NorthAmerica,Not plant,Not plant-isolated,0.00606,
157,93.0,P23,2.0,0.033,R4,7.0,NorthAmerica,Not plant,Not plant-isolated,0.00606,
158,42.0,P9,3.0,0.0131,R3,8.0,NorthAmerica,Caricaceae,Other dicots,0.0009,
159,36.0,P9,1.0,0.0189,R4,8.0,NorthAmerica,Caricaceae,Other dicots,0.0009,
160,37.0,P9,2.0,0.026600000000000002,R4,8.0,NorthAmerica,Caricaceae,Other dicots,0.0009,
161,38.0,P9,3.0,0.0222,R4,8.0,NorthAmerica,Caricaceae,Other dicots,0.0009,
162,39.0,P9,4.0,0.0265,R4,8.0,NorthAmerica,Caricaceae,Other dicots,0.0009,
163,40.0,P9,1.0,0.0054,R3,8.0,NorthAmerica,Caricaceae,Other dicots,0.0009,
164,41.0,P9,2.0,0.0046,R3,8.0,NorthAmerica,Caricaceae,Other dicots,0.0009,
165,43.0,P9,4.0,0.011,R3,8.0,NorthAmerica,Caricaceae,Other dicots,0.0009,
166,41.0,P9,2.0,0.0213,R1,8.0,NorthAmerica,Caricaceae,Other dicots,0.0009,
167,43.0,P9,4.0,0.0265,R1,8.0,NorthAmerica,Caricaceae,Other dicots,0.0009,
168,42.0,P9,3.0,0.0328,R1,8.0,NorthAmerica,Caricaceae,Other dicots,0.0009,
169,40.0,P9,1.0,0.0132,R1,8.0,NorthAmerica,Caricaceae,Other dicots,0.0009,
170,37.0,P9,2.0,0.005900000000000001,R5,8.0,NorthAmerica,Caricaceae,Other dicots,0.0009,
171,38.0,P9,3.0,0.019899999999999998,R5,8.0,NorthAmerica,Caricaceae,Other dicots,0.0009,
172,36.0,P9,1.0,0.013800000000000002,R5,8.0,NorthAmerica,Caricaceae,Other dicots,0.0009,
173,262.0,P65,3.0,0.0221,R3,9.0,Asia,Brassicaceae,Brassicaceae,0.62779,
174,263.0,P65,4.0,0.0273,R3,9.0,Asia,Brassicaceae,Brassicaceae,0.62779,
175,257.0,P65,2.0,0.0297,R4,9.0,Asia,Brassicaceae,Brassicaceae,0.62779,
176,256.0,P65,1.0,0.0696,R4,9.0,Asia,Brassicaceae,Brassicaceae,0.62779,
177,259.0,P65,4.0,0.0178,R5,9.0,Asia,Brassicaceae,Brassicaceae,0.62779,
178,258.0,P65,3.0,0.031100000000000003,R5,9.0,Asia,Brassicaceae,Brassicaceae,0.62779,
179,257.0,P65,2.0,0.020300000000000002,R5,9.0,Asia,Brassicaceae,Brassicaceae,0.62779,
180,256.0,P65,1.0,0.0258,R5,9.0,Asia,Brassicaceae,Brassicaceae,0.62779,
181,261.0,P65,2.0,0.0358,R3,9.0,Asia,Brassicaceae,Brassicaceae,0.62779,
182,259.0,P65,4.0,0.0070999999999999995,R4,9.0,Asia,Brassicaceae,Brassicaceae,0.62779,
183,258.0,P65,3.0,0.023100000000000002,R4,9.0,Asia,Brassicaceae,Brassicaceae,0.62779,
184,260.0,P65,1.0,0.0381,R3,9.0,Asia,Brassicaceae,Brassicaceae,0.62779,
185,261.0,P65,2.0,0.081,R1,9.0,Asia,Brassicaceae,Brassicaceae,0.62779,
186,262.0,P65,3.0,0.0118,R1,9.0,Asia,Brassicaceae,Brassicaceae,0.62779,
187,263.0,P65,4.0,0.0354,R1,9.0,Asia,Brassicaceae,Brassicaceae,0.62779,
188,260.0,P65,1.0,0.0159,R1,9.0,Asia,Brassicaceae,Brassicaceae,0.62779,
189,89.0,P22,2.0,0.025,R9,10.0,NorthAmerica,Rosaceae,Rosaceae,0.86874,
190,91.0,P22,4.0,0.0252,R9,10.0,NorthAmerica,Rosaceae,Rosaceae,0.86874,
191,90.0,P22,3.0,0.0223,R9,10.0,NorthAmerica,Rosaceae,Rosaceae,0.86874,
192,89.0,P22,2.0,0.0058,R6A,10.0,NorthAmerica,Rosaceae,Rosaceae,0.86874,
193,88.0,P22,1.0,0.0225,R9,10.0,NorthAmerica,Rosaceae,Rosaceae,0.86874,
194,95.0,P22,4.0,0.0429,R1,10.0,NorthAmerica,Rosaceae,Rosaceae,0.86874,
195,94.0,P22,3.0,0.0336,R1,10.0,NorthAmerica,Rosaceae,Rosaceae,0.86874,
196,91.0,P22,4.0,0.0259,R8C,10.0,NorthAmerica,Rosaceae,Rosaceae,0.86874,
197,91.0,P22,4.0,0.0068,R6A,10.0,NorthAmerica,Rosaceae,Rosaceae,0.86874,
198,90.0,P22,3.0,0.0386,R6A,10.0,NorthAmerica,Rosaceae,Rosaceae,0.86874,
199,93.0,P22,2.0,0.0546,R1,10.0,NorthAmerica,Rosaceae,Rosaceae,0.86874,
200,92.0,P22,1.0,0.0174,R1,10.0,NorthAmerica,Rosaceae,Rosaceae,0.86874,
201,90.0,P22,3.0,0.0797,R8C,10.0,NorthAmerica,Rosaceae,Rosaceae,0.86874,
202,89.0,P22,2.0,0.0882,R8C,10.0,NorthAmerica,Rosaceae,Rosaceae,0.86874,
203,88.0,P22,1.0,0.0735,R8C,10.0,NorthAmerica,Rosaceae,Rosaceae,0.86874,
204,88.0,P22,1.0,0.0225,R6A,10.0,NorthAmerica,Rosaceae,Rosaceae,0.86874,
205,80.0,P20,1.0,0.010199999999999999,R4,11.0,Europe,Rosaceae,Rosaceae,0.00113,
206,82.0,P20,3.0,0.027600000000000003,R4,11.0,Europe,Rosaceae,Rosaceae,0.00113,
207,83.0,P20,4.0,0.0182,R4,11.0,Europe,Rosaceae,Rosaceae,0.00113,
208,85.0,P20,2.0,0.0384,R1,11.0,Europe,Rosaceae,Rosaceae,0.00113,
209,84.0,P20,1.0,0.0415,R1,11.0,Europe,Rosaceae,Rosaceae,0.00113,
210,81.0,P20,2.0,0.003,R4,11.0,Europe,Rosaceae,Rosaceae,0.00113,
211,86.0,P20,3.0,0.0056,R3,11.0,Europe,Rosaceae,Rosaceae,0.00113,
212,84.0,P20,1.0,0.0048,R3,11.0,Europe,Rosaceae,Rosaceae,0.00113,
213,83.0,P20,4.0,0.0009,R5,11.0,Europe,Rosaceae,Rosaceae,0.00113,
214,82.0,P20,3.0,0.013099999999999999,R5,11.0,Europe,Rosaceae,Rosaceae,0.00113,
215,80.0,P20,1.0,0.0011,R5,11.0,Europe,Rosaceae,Rosaceae,0.00113,
216,86.0,P20,3.0,0.0776,R1,11.0,Europe,Rosaceae,Rosaceae,0.00113,
217,87.0,P20,4.0,0.0239,R3,11.0,Europe,Rosaceae,Rosaceae,0.00113,
218,85.0,P20,2.0,0.0044,R3,11.0,Europe,Rosaceae,Rosaceae,0.00113,
219,87.0,P20,4.0,0.0988,R1,11.0,Europe,Rosaceae,Rosaceae,0.00113,
220,28.0,P7,1.0,0.0128,R7A,12.0,Europe,Cucurbitaceae,Cucurbitaceae,0.03109,
221,31.0,P7,4.0,0.0251,R7A,12.0,Europe,Cucurbitaceae,Cucurbitaceae,0.03109,
222,30.0,P7,3.0,0.01,R7A,12.0,Europe,Cucurbitaceae,Cucurbitaceae,0.03109,
223,30.0,P7,3.0,0.054799999999999995,R5,12.0,Europe,Cucurbitaceae,Cucurbitaceae,0.03109,
224,29.0,P7,2.0,0.0152,R7A,12.0,Europe,Cucurbitaceae,Cucurbitaceae,0.03109,
225,29.0,P7,2.0,0.0074,R6A,12.0,Europe,Cucurbitaceae,Cucurbitaceae,0.03109,
226,31.0,P7,4.0,0.0114,R6B,12.0,Europe,Cucurbitaceae,Cucurbitaceae,0.03109,
227,30.0,P7,3.0,0.0214,R6B,12.0,Europe,Cucurbitaceae,Cucurbitaceae,0.03109,
228,29.0,P7,2.0,0.0308,R6B,12.0,Europe,Cucurbitaceae,Cucurbitaceae,0.03109,
229,28.0,P7,1.0,0.001,R6B,12.0,Europe,Cucurbitaceae,Cucurbitaceae,0.03109,
230,28.0,P7,1.0,0.011,R6A,12.0,Europe,Cucurbitaceae,Cucurbitaceae,0.03109,
231,31.0,P7,4.0,0.0054,R5,12.0,Europe,Cucurbitaceae,Cucurbitaceae,0.03109,
232,30.0,P7,3.0,0.008,R6A,12.0,Europe,Cucurbitaceae,Cucurbitaceae,0.03109,
233,31.0,P7,4.0,0.006900000000000001,R6A,12.0,Europe,Cucurbitaceae,Cucurbitaceae,0.03109,
234,180.0,P46,1.0,0.0126,R6A,13.0,Europe,Unknown,Unknown,0.0009,
235,183.0,P46,4.0,0.0087,R6B,13.0,Europe,Unknown,Unknown,0.0009,
236,182.0,P46,3.0,0.0101,R6B,13.0,Europe,Unknown,Unknown,0.0009,
237,181.0,P46,2.0,0.0077,R6B,13.0,Europe,Unknown,Unknown,0.0009,
238,180.0,P46,1.0,0.0,R6B,13.0,Europe,Unknown,Unknown,0.0009,
239,183.0,P46,4.0,0.0075,R6A,13.0,Europe,Unknown,Unknown,0.0009,
240,182.0,P46,3.0,0.0132,R6A,13.0,Europe,Unknown,Unknown,0.0009,
241,181.0,P46,2.0,0.0045,R6A,13.0,Europe,Unknown,Unknown,0.0009,
242,187.0,P46,4.0,0.0208,R1,13.0,Europe,Unknown,Unknown,0.0009,
243,185.0,P46,2.0,0.0296,R1,13.0,Europe,Unknown,Unknown,0.0009,
244,184.0,P46,1.0,0.0079,R1,13.0,Europe,Unknown,Unknown,0.0009,
245,186.0,P46,3.0,0.0157,R1,13.0,Europe,Unknown,Unknown,0.0009,
246,183.0,P46,4.0,0.0136,R7A,13.0,Europe,Unknown,Unknown,0.0009,
247,182.0,P46,3.0,0.0125,R7A,13.0,Europe,Unknown,Unknown,0.0009,
248,181.0,P46,2.0,0.0451,R7A,13.0,Europe,Unknown,Unknown,0.0009,
249,180.0,P46,1.0,0.0184,R7A,13.0,Europe,Unknown,Unknown,0.0009,
250,13.0,P2,2.0,0.0234,R1,14.0,Europe,Betulaceae,Other dicots,0.00923,
251,12.0,P2,1.0,0.0239,R3,14.0,Europe,Betulaceae,Other dicots,0.00923,
252,9.0,P2,2.0,0.0188,R5,14.0,Europe,Betulaceae,Other dicots,0.00923,
253,10.0,P2,3.0,0.0055,R5,14.0,Europe,Betulaceae,Other dicots,0.00923,
254,8.0,P2,1.0,0.005,R4,14.0,Europe,Betulaceae,Other dicots,0.00923,
255,10.0,P2,3.0,0.0039,R4,14.0,Europe,Betulaceae,Other dicots,0.00923,
256,14.0,P2,3.0,0.0182,R3,14.0,Europe,Betulaceae,Other dicots,0.00923,
257,12.0,P2,1.0,0.031,R1,14.0,Europe,Betulaceae,Other dicots,0.00923,
258,9.0,P2,2.0,0.0096,R4,14.0,Europe,Betulaceae,Other dicots,0.00923,
259,11.0,P2,4.0,0.0224,R5,14.0,Europe,Betulaceae,Other dicots,0.00923,
260,15.0,P2,4.0,0.044,R1,14.0,Europe,Betulaceae,Other dicots,0.00923,
261,14.0,P2,3.0,0.0347,R1,14.0,Europe,Betulaceae,Other dicots,0.00923,
262,13.0,P2,2.0,0.0345,R3,14.0,Europe,Betulaceae,Other dicots,0.00923,
263,15.0,P2,4.0,0.0208,R3,14.0,Europe,Betulaceae,Other dicots,0.00923,
264,8.0,P2,1.0,0.0228,R5,14.0,Europe,Betulaceae,Other dicots,0.00923,
265,36.0,P8,1.0,0.0102,R1,15.0,Europe,Not plant,Not plant-isolated,0.0009,
266,32.0,P8,1.0,0.0308,R4,15.0,Europe,Not plant,Not plant-isolated,0.0009,
267,37.0,P8,2.0,0.0118,R1,15.0,Europe,Not plant,Not plant-isolated,0.0009,
268,33.0,P8,2.0,0.037700000000000004,R4,15.0,Europe,Not plant,Not plant-isolated,0.0009,
269,35.0,P8,4.0,0.0496,R4,15.0,Europe,Not plant,Not plant-isolated,0.0009,
270,34.0,P8,3.0,0.0443,R4,15.0,Europe,Not plant,Not plant-isolated,0.0009,
271,37.0,P8,2.0,0.0042,R3,15.0,Europe,Not plant,Not plant-isolated,0.0009,
272,33.0,P8,2.0,0.0070999999999999995,R5,15.0,Europe,Not plant,Not plant-isolated,0.0009,
273,34.0,P8,3.0,0.013300000000000001,R5,15.0,Europe,Not plant,Not plant-isolated,0.0009,
274,35.0,P8,4.0,0.0039,R5,15.0,Europe,Not plant,Not plant-isolated,0.0009,
275,38.0,P8,3.0,0.0065,R1,15.0,Europe,Not plant,Not plant-isolated,0.0009,
276,36.0,P8,1.0,0.0125,R3,15.0,Europe,Not plant,Not plant-isolated,0.0009,
277,38.0,P8,3.0,0.0015,R3,15.0,Europe,Not plant,Not plant-isolated,0.0009,
278,39.0,P8,4.0,0.0045,R3,15.0,Europe,Not plant,Not plant-isolated,0.0009,
279,39.0,P8,4.0,0.0031,R1,15.0,Europe,Not plant,Not plant-isolated,0.0009,
280,32.0,P8,1.0,0.022699999999999998,R5,15.0,Europe,Not plant,Not plant-isolated,0.0009,
281,125.0,P31,2.0,0.013800000000000002,R4,16.0,NorthAmerica,Saxifragaceae,Other dicots,0.11315,
282,124.0,P31,1.0,0.0148,R4,16.0,NorthAmerica,Saxifragaceae,Other dicots,0.11315,
283,129.0,P31,2.0,0.027,R3,16.0,NorthAmerica,Saxifragaceae,Other dicots,0.11315,
284,130.0,P31,3.0,0.0343,R3,16.0,NorthAmerica,Saxifragaceae,Other dicots,0.11315,
285,127.0,P31,4.0,0.0067,R5,16.0,NorthAmerica,Saxifragaceae,Other dicots,0.11315,
286,125.0,P31,2.0,0.006,R5,16.0,NorthAmerica,Saxifragaceae,Other dicots,0.11315,
287,126.0,P31,3.0,0.004,R5,16.0,NorthAmerica,Saxifragaceae,Other dicots,0.11315,
288,126.0,P31,3.0,0.0134,R4,16.0,NorthAmerica,Saxifragaceae,Other dicots,0.11315,
289,128.0,P31,1.0,0.0487,R1,16.0,NorthAmerica,Saxifragaceae,Other dicots,0.11315,
290,124.0,P31,1.0,0.0106,R5,16.0,NorthAmerica,Saxifragaceae,Other dicots,0.11315,
291,127.0,P31,4.0,0.024,R4,16.0,NorthAmerica,Saxifragaceae,Other dicots,0.11315,
292,128.0,P31,1.0,0.0246,R3,16.0,NorthAmerica,Saxifragaceae,Other dicots,0.11315,
293,129.0,P31,2.0,0.0626,R1,16.0,NorthAmerica,Saxifragaceae,Other dicots,0.11315,
294,130.0,P31,3.0,0.0562,R1,16.0,NorthAmerica,Saxifragaceae,Other dicots,0.11315,
295,131.0,P31,4.0,0.0616,R1,16.0,NorthAmerica,Saxifragaceae,Other dicots,0.11315,
296,11.0,P1,4.0,0.0121,R3,17.0,Europe,Not plant,Not plant-isolated,0.022,
297,7.0,P1,4.0,0.0128,R5,17.0,Europe,Not plant,Not plant-isolated,0.022,
298,11.0,P1,4.0,0.0347,R1,17.0,Europe,Not plant,Not plant-isolated,0.022,
299,10.0,P1,3.0,0.0315,R1,17.0,Europe,Not plant,Not plant-isolated,0.022,
300,6.0,P1,3.0,0.0112,R5,17.0,Europe,Not plant,Not plant-isolated,0.022,
301,5.0,P1,2.0,0.0197,R5,17.0,Europe,Not plant,Not plant-isolated,0.022,
302,10.0,P1,3.0,0.0121,R3,17.0,Europe,Not plant,Not plant-isolated,0.022,
303,8.0,P1,1.0,0.0081,R3,17.0,Europe,Not plant,Not plant-isolated,0.022,
304,7.0,P1,4.0,0.019100000000000002,R4,17.0,Europe,Not plant,Not plant-isolated,0.022,
305,6.0,P1,3.0,0.034,R4,17.0,Europe,Not plant,Not plant-isolated,0.022,
306,5.0,P1,2.0,0.045700000000000005,R4,17.0,Europe,Not plant,Not plant-isolated,0.022,
307,4.0,P1,1.0,0.0292,R4,17.0,Europe,Not plant,Not plant-isolated,0.022,
308,9.0,P1,2.0,0.0259,R1,17.0,Europe,Not plant,Not plant-isolated,0.022,
309,8.0,P1,1.0,0.0314,R1,17.0,Europe,Not plant,Not plant-isolated,0.022,
310,9.0,P1,2.0,0.0178,R3,17.0,Europe,Not plant,Not plant-isolated,0.022,
311,4.0,P1,1.0,0.0111,R5,17.0,Europe,Not plant,Not plant-isolated,0.022,
312,58.0,P13,3.0,0.0004,R1,18.0,Europe,Plantaginaceae,Other dicots,0.00133,
313,52.0,P13,1.0,0.0338,R4,18.0,Europe,Plantaginaceae,Other dicots,0.00133,
314,53.0,P13,2.0,0.030899999999999997,R4,18.0,Europe,Plantaginaceae,Other dicots,0.00133,
315,55.0,P13,4.0,0.0294,R4,18.0,Europe,Plantaginaceae,Other dicots,0.00133,
316,57.0,P13,2.0,0.01,R1,18.0,Europe,Plantaginaceae,Other dicots,0.00133,
317,59.0,P13,4.0,0.0149,R1,18.0,Europe,Plantaginaceae,Other dicots,0.00133,
318,55.0,P13,4.0,0.019399999999999997,R5,18.0,Europe,Plantaginaceae,Other dicots,0.00133,
319,56.0,P13,1.0,0.0139,R3,18.0,Europe,Plantaginaceae,Other dicots,0.00133,
320,57.0,P13,2.0,0.0404,R3,18.0,Europe,Plantaginaceae,Other dicots,0.00133,
321,54.0,P13,3.0,0.023899999999999998,R4,18.0,Europe,Plantaginaceae,Other dicots,0.00133,
322,58.0,P13,3.0,0.0008,R3,18.0,Europe,Plantaginaceae,Other dicots,0.00133,
323,59.0,P13,4.0,0.046,R3,18.0,Europe,Plantaginaceae,Other dicots,0.00133,
324,53.0,P13,2.0,0.0181,R5,18.0,Europe,Plantaginaceae,Other dicots,0.00133,
325,52.0,P13,1.0,0.0218,R5,18.0,Europe,Plantaginaceae,Other dicots,0.00133,
326,56.0,P13,1.0,0.0178,R1,18.0,Europe,Plantaginaceae,Other dicots,0.00133,
327,54.0,P13,3.0,0.0088,R5,18.0,Europe,Plantaginaceae,Other dicots,0.00133,
328,198.0,P50,3.0,0.0141,R5,19.0,Oceania,Araceae,Monocots,0.08414,
329,199.0,P50,4.0,0.019899999999999998,R5,19.0,Oceania,Araceae,Monocots,0.08414,
330,201.0,P50,2.0,0.0233,R1,19.0,Oceania,Araceae,Monocots,0.08414,
331,196.0,P50,1.0,0.0241,R5,19.0,Oceania,Araceae,Monocots,0.08414,
332,196.0,P50,1.0,0.0334,R4,19.0,Oceania,Araceae,Monocots,0.08414,
333,197.0,P50,2.0,0.0229,R4,19.0,Oceania,Araceae,Monocots,0.08414,
334,198.0,P50,3.0,0.0181,R4,19.0,Oceania,Araceae,Monocots,0.08414,
335,199.0,P50,4.0,0.0056,R4,19.0,Oceania,Araceae,Monocots,0.08414,
336,197.0,P50,2.0,0.0367,R5,19.0,Oceania,Araceae,Monocots,0.08414,
337,202.0,P50,3.0,0.0701,R1,19.0,Oceania,Araceae,Monocots,0.08414,
338,203.0,P50,4.0,0.0261,R1,19.0,Oceania,Araceae,Monocots,0.08414,
339,200.0,P50,1.0,0.0198,R3,19.0,Oceania,Araceae,Monocots,0.08414,
340,201.0,P50,2.0,0.0164,R3,19.0,Oceania,Araceae,Monocots,0.08414,
341,202.0,P50,3.0,0.0302,R3,19.0,Oceania,Araceae,Monocots,0.08414,
342,203.0,P50,4.0,0.0031,R3,19.0,Oceania,Araceae,Monocots,0.08414,
343,200.0,P50,1.0,0.0389,R1,19.0,Oceania,Araceae,Monocots,0.08414,
344,19.0,P3,4.0,0.0302,R1,20.0,Europe,Solanaceae,Solanaceae,0.0009,
345,18.0,P3,3.0,0.0179,R1,20.0,Europe,Solanaceae,Solanaceae,0.0009,
346,16.0,P3,1.0,0.048,R3,20.0,Europe,Solanaceae,Solanaceae,0.0009,
347,15.0,P3,4.0,0.0077,R5,20.0,Europe,Solanaceae,Solanaceae,0.0009,
348,14.0,P3,3.0,0.0065,R5,20.0,Europe,Solanaceae,Solanaceae,0.0009,
349,12.0,P3,1.0,0.0074,R5,20.0,Europe,Solanaceae,Solanaceae,0.0009,
350,16.0,P3,1.0,0.0319,R1,20.0,Europe,Solanaceae,Solanaceae,0.0009,
351,17.0,P3,2.0,0.0301,R1,20.0,Europe,Solanaceae,Solanaceae,0.0009,
352,12.0,P3,1.0,0.0141,R4,20.0,Europe,Solanaceae,Solanaceae,0.0009,
353,13.0,P3,2.0,0.0060999999999999995,R5,20.0,Europe,Solanaceae,Solanaceae,0.0009,
354,14.0,P3,3.0,0.019600000000000003,R4,20.0,Europe,Solanaceae,Solanaceae,0.0009,
355,18.0,P3,3.0,0.0419,R3,20.0,Europe,Solanaceae,Solanaceae,0.0009,
356,13.0,P3,2.0,0.0104,R4,20.0,Europe,Solanaceae,Solanaceae,0.0009,
357,17.0,P3,2.0,0.0182,R3,20.0,Europe,Solanaceae,Solanaceae,0.0009,
358,19.0,P3,4.0,0.0009,R3,20.0,Europe,Solanaceae,Solanaceae,0.0009,
359,15.0,P3,4.0,0.0099,R4,20.0,Europe,Solanaceae,Solanaceae,0.0009,
360,48.0,P12,1.0,0.0219,R5,21.0,Europe,Plantaginaceae,Other dicots,0.71165,
361,51.0,P12,4.0,0.045700000000000005,R4,21.0,Europe,Plantaginaceae,Other dicots,0.71165,
362,50.0,P12,3.0,0.05,R4,21.0,Europe,Plantaginaceae,Other dicots,0.71165,
363,49.0,P12,2.0,0.0327,R4,21.0,Europe,Plantaginaceae,Other dicots,0.71165,
364,52.0,P12,1.0,0.0209,R3,21.0,Europe,Plantaginaceae,Other dicots,0.71165,
365,48.0,P12,1.0,0.0419,R4,21.0,Europe,Plantaginaceae,Other dicots,0.71165,
366,54.0,P12,3.0,0.0139,R3,21.0,Europe,Plantaginaceae,Other dicots,0.71165,
367,53.0,P12,2.0,0.0251,R3,21.0,Europe,Plantaginaceae,Other dicots,0.71165,
368,48.0,P12,1.0,0.0032,R6A,21.0,Europe,Plantaginaceae,Other dicots,0.71165,
369,55.0,P12,4.0,0.0172,R3,21.0,Europe,Plantaginaceae,Other dicots,0.71165,
370,50.0,P12,3.0,0.008400000000000001,R6A,21.0,Europe,Plantaginaceae,Other dicots,0.71165,
371,51.0,P12,4.0,0.019100000000000002,R5,21.0,Europe,Plantaginaceae,Other dicots,0.71165,
372,50.0,P12,3.0,0.023100000000000002,R5,21.0,Europe,Plantaginaceae,Other dicots,0.71165,
373,49.0,P12,2.0,0.0211,R5,21.0,Europe,Plantaginaceae,Other dicots,0.71165,
374,49.0,P12,2.0,0.038700000000000005,R6A,21.0,Europe,Plantaginaceae,Other dicots,0.71165,
375,47.0,P11,4.0,0.0148,R5,22.0,Europe,Cariceae,Monocots,0.0009,
376,46.0,P11,3.0,0.015099999999999999,R4,22.0,Europe,Cariceae,Monocots,0.0009,
377,45.0,P11,2.0,0.0268,R4,22.0,Europe,Cariceae,Monocots,0.0009,
378,46.0,P11,3.0,0.0076,R5,22.0,Europe,Cariceae,Monocots,0.0009,
379,44.0,P11,1.0,0.0364,R4,22.0,Europe,Cariceae,Monocots,0.0009,
380,47.0,P11,4.0,0.008199999999999999,R4,22.0,Europe,Cariceae,Monocots,0.0009,
381,51.0,P11,4.0,0.0037,R3,22.0,Europe,Cariceae,Monocots,0.0009,
382,49.0,P11,2.0,0.0088,R3,22.0,Europe,Cariceae,Monocots,0.0009,
383,45.0,P11,2.0,0.0121,R5,22.0,Europe,Cariceae,Monocots,0.0009,
384,44.0,P11,1.0,0.0046,R5,22.0,Europe,Cariceae,Monocots,0.0009,
385,48.0,P11,1.0,0.0097,R3,22.0,Europe,Cariceae,Monocots,0.0009,
386,44.0,P11,1.0,0.0064,R6A,22.0,Europe,Cariceae,Monocots,0.0009,
387,45.0,P11,2.0,0.007,R6A,22.0,Europe,Cariceae,Monocots,0.0009,
388,46.0,P11,3.0,0.013900000000000001,R6A,22.0,Europe,Cariceae,Monocots,0.0009,
389,47.0,P11,4.0,0.016,R6A,22.0,Europe,Cariceae,Monocots,0.0009,
390,50.0,P11,3.0,0.0029,R3,22.0,Europe,Cariceae,Monocots,0.0009,
391,44.0,P10,1.0,0.0036,R3,23.0,Europe,Begoniaceae,Other dicots,0.0009,
392,47.0,P10,4.0,0.0068,R1,23.0,Europe,Begoniaceae,Other dicots,0.0009,
393,46.0,P10,3.0,0.0065,R1,23.0,Europe,Begoniaceae,Other dicots,0.0009,
394,45.0,P10,2.0,0.0078,R1,23.0,Europe,Begoniaceae,Other dicots,0.0009,
395,45.0,P10,2.0,0.0048,R3,23.0,Europe,Begoniaceae,Other dicots,0.0009,
396,46.0,P10,3.0,0.0238,R3,23.0,Europe,Begoniaceae,Other dicots,0.0009,
397,47.0,P10,4.0,0.0275,R3,23.0,Europe,Begoniaceae,Other dicots,0.0009,
398,44.0,P10,1.0,0.0063,R1,23.0,Europe,Begoniaceae,Other dicots,0.0009,
399,40.0,P10,1.0,0.0125,R4,23.0,Europe,Begoniaceae,Other dicots,0.0009,
400,41.0,P10,2.0,0.019399999999999997,R4,23.0,Europe,Begoniaceae,Other dicots,0.0009,
401,42.0,P10,3.0,0.0233,R5,23.0,Europe,Begoniaceae,Other dicots,0.0009,
402,42.0,P10,3.0,0.0165,R4,23.0,Europe,Begoniaceae,Other dicots,0.0009,
403,43.0,P10,4.0,0.0205,R4,23.0,Europe,Begoniaceae,Other dicots,0.0009,
404,41.0,P10,2.0,0.011300000000000001,R5,23.0,Europe,Begoniaceae,Other dicots,0.0009,
405,40.0,P10,1.0,0.0256,R5,23.0,Europe,Begoniaceae,Other dicots,0.0009,
406,90.0,P21,3.0,0.0457,R1,24.0,Europe,Solanaceae,Solanaceae,0.2389,
407,88.0,P21,1.0,0.0395,R1,24.0,Europe,Solanaceae,Solanaceae,0.2389,
408,91.0,P21,4.0,0.041,R1,24.0,Europe,Solanaceae,Solanaceae,0.2389,
409,89.0,P21,2.0,0.0453,R1,24.0,Europe,Solanaceae,Solanaceae,0.2389,
410,89.0,P21,2.0,0.0352,R3,24.0,Europe,Solanaceae,Solanaceae,0.2389,
411,91.0,P21,4.0,0.0178,R3,24.0,Europe,Solanaceae,Solanaceae,0.2389,
412,90.0,P21,3.0,0.0156,R3,24.0,Europe,Solanaceae,Solanaceae,0.2389,
413,87.0,P21,4.0,0.030699999999999998,R4,24.0,Europe,Solanaceae,Solanaceae,0.2389,
414,86.0,P21,3.0,0.0378,R4,24.0,Europe,Solanaceae,Solanaceae,0.2389,
415,85.0,P21,2.0,0.0375,R4,24.0,Europe,Solanaceae,Solanaceae,0.2389,
416,84.0,P21,1.0,0.027600000000000003,R4,24.0,Europe,Solanaceae,Solanaceae,0.2389,
417,88.0,P21,1.0,0.0164,R3,24.0,Europe,Solanaceae,Solanaceae,0.2389,
418,86.0,P21,3.0,0.0219,R5,24.0,Europe,Solanaceae,Solanaceae,0.2389,
419,87.0,P21,4.0,0.0045,R5,24.0,Europe,Solanaceae,Solanaceae,0.2389,
420,84.0,P21,1.0,0.0165,R5,24.0,Europe,Solanaceae,Solanaceae,0.2389,
421,85.0,P21,2.0,0.0033,R5,24.0,Europe,Solanaceae,Solanaceae,0.2389,
422,222.0,P56,3.0,0.0218,R5,25.0,Asia,Solanaceae,Solanaceae,0.0009,
423,226.0,P56,3.0,0.0359,R3,25.0,Asia,Solanaceae,Solanaceae,0.0009,
424,225.0,P56,2.0,0.035,R3,25.0,Asia,Solanaceae,Solanaceae,0.0009,
425,224.0,P56,1.0,0.0016,R3,25.0,Asia,Solanaceae,Solanaceae,0.0009,
426,223.0,P56,4.0,0.0033,R6B,25.0,Asia,Solanaceae,Solanaceae,0.0009,
427,222.0,P56,3.0,0.0070999999999999995,R6B,25.0,Asia,Solanaceae,Solanaceae,0.0009,
428,221.0,P56,2.0,0.0228,R6B,25.0,Asia,Solanaceae,Solanaceae,0.0009,
429,220.0,P56,1.0,0.0060999999999999995,R6B,25.0,Asia,Solanaceae,Solanaceae,0.0009,
430,221.0,P56,2.0,0.0291,R5,25.0,Asia,Solanaceae,Solanaceae,0.0009,
431,223.0,P56,4.0,0.0087,R4,25.0,Asia,Solanaceae,Solanaceae,0.0009,
432,222.0,P56,3.0,0.0162,R4,25.0,Asia,Solanaceae,Solanaceae,0.0009,
433,227.0,P56,4.0,0.0,R3,25.0,Asia,Solanaceae,Solanaceae,0.0009,
434,220.0,P56,1.0,0.0198,R4,25.0,Asia,Solanaceae,Solanaceae,0.0009,
435,221.0,P56,2.0,0.0171,R4,25.0,Asia,Solanaceae,Solanaceae,0.0009,
436,220.0,P56,1.0,0.0081,R5,25.0,Asia,Solanaceae,Solanaceae,0.0009,
437,215.0,P54,4.0,0.022,R4,26.0,Asia,Ranunculaceae,Other dicots,0.49885,
438,219.0,P54,4.0,0.0354,R1,26.0,Asia,Ranunculaceae,Other dicots,0.49885,
439,216.0,P54,1.0,0.0342,R3,26.0,Asia,Ranunculaceae,Other dicots,0.49885,
440,218.0,P54,3.0,0.0545,R1,26.0,Asia,Ranunculaceae,Other dicots,0.49885,
441,217.0,P54,2.0,0.0288,R1,26.0,Asia,Ranunculaceae,Other dicots,0.49885,
442,214.0,P54,3.0,0.024,R4,26.0,Asia,Ranunculaceae,Other dicots,0.49885,
443,212.0,P54,1.0,0.0277,R7A,26.0,Asia,Ranunculaceae,Other dicots,0.49885,
444,213.0,P54,2.0,0.0207,R7A,26.0,Asia,Ranunculaceae,Other dicots,0.49885,
445,219.0,P54,4.0,0.0322,R3,26.0,Asia,Ranunculaceae,Other dicots,0.49885,
446,217.0,P54,2.0,0.0205,R3,26.0,Asia,Ranunculaceae,Other dicots,0.49885,
447,214.0,P54,3.0,0.0307,R7A,26.0,Asia,Ranunculaceae,Other dicots,0.49885,
448,215.0,P54,4.0,0.0198,R7A,26.0,Asia,Ranunculaceae,Other dicots,0.49885,
449,212.0,P54,1.0,0.019899999999999998,R4,26.0,Asia,Ranunculaceae,Other dicots,0.49885,
450,213.0,P54,2.0,0.0216,R4,26.0,Asia,Ranunculaceae,Other dicots,0.49885,
451,218.0,P54,3.0,0.0213,R3,26.0,Asia,Ranunculaceae,Other dicots,0.49885,
452,216.0,P54,1.0,0.054,R1,26.0,Asia,Ranunculaceae,Other dicots,0.49885,
453,264.0,P67,1.0,0.023399999999999997,R4,27.0,Asia,Lamiaceae,Other dicots,0.07075,
454,265.0,P67,2.0,0.0506,R4,27.0,Asia,Lamiaceae,Other dicots,0.07075,
455,266.0,P67,3.0,0.056,R4,27.0,Asia,Lamiaceae,Other dicots,0.07075,
456,267.0,P67,4.0,0.020399999999999998,R4,27.0,Asia,Lamiaceae,Other dicots,0.07075,
457,266.0,P67,3.0,0.010199999999999999,R5,27.0,Asia,Lamiaceae,Other dicots,0.07075,
458,265.0,P67,2.0,0.0104,R5,27.0,Asia,Lamiaceae,Other dicots,0.07075,
459,264.0,P67,1.0,0.008,R5,27.0,Asia,Lamiaceae,Other dicots,0.07075,
460,268.0,P67,1.0,0.0286,R3,27.0,Asia,Lamiaceae,Other dicots,0.07075,
461,264.0,P67,1.0,0.0149,R7A,27.0,Asia,Lamiaceae,Other dicots,0.07075,
462,265.0,P67,2.0,0.0195,R7A,27.0,Asia,Lamiaceae,Other dicots,0.07075,
463,266.0,P67,3.0,0.0281,R7A,27.0,Asia,Lamiaceae,Other dicots,0.07075,
464,267.0,P67,4.0,0.0073,R7A,27.0,Asia,Lamiaceae,Other dicots,0.07075,
465,269.0,P67,2.0,0.0055,R3,27.0,Asia,Lamiaceae,Other dicots,0.07075,
466,270.0,P67,3.0,0.0257,R3,27.0,Asia,Lamiaceae,Other dicots,0.07075,
467,271.0,P67,4.0,0.0352,R3,27.0,Asia,Lamiaceae,Other dicots,0.07075,
468,237.0,P60,2.0,0.0207,R5,28.0,Asia,Brassicaceae,Brassicaceae,0.00552,
469,236.0,P60,1.0,0.0201,R4,28.0,Asia,Brassicaceae,Brassicaceae,0.00552,
470,238.0,P60,3.0,0.0291,R5,28.0,Asia,Brassicaceae,Brassicaceae,0.00552,
471,237.0,P60,2.0,0.039700000000000006,R4,28.0,Asia,Brassicaceae,Brassicaceae,0.00552,
472,238.0,P60,3.0,0.0,R4,28.0,Asia,Brassicaceae,Brassicaceae,0.00552,
473,239.0,P60,4.0,0.0033,R4,28.0,Asia,Brassicaceae,Brassicaceae,0.00552,
474,236.0,P60,1.0,0.0349,R5,28.0,Asia,Brassicaceae,Brassicaceae,0.00552,
475,242.0,P60,3.0,0.0258,R3,28.0,Asia,Brassicaceae,Brassicaceae,0.00552,
476,243.0,P60,4.0,0.0347,R1,28.0,Asia,Brassicaceae,Brassicaceae,0.00552,
477,242.0,P60,3.0,0.0441,R1,28.0,Asia,Brassicaceae,Brassicaceae,0.00552,
478,241.0,P60,2.0,0.0,R3,28.0,Asia,Brassicaceae,Brassicaceae,0.00552,
479,240.0,P60,1.0,0.0331,R3,28.0,Asia,Brassicaceae,Brassicaceae,0.00552,
480,241.0,P60,2.0,0.0428,R1,28.0,Asia,Brassicaceae,Brassicaceae,0.00552,
481,240.0,P60,1.0,0.0147,R1,28.0,Asia,Brassicaceae,Brassicaceae,0.00552,
482,243.0,P60,4.0,0.0269,R3,28.0,Asia,Brassicaceae,Brassicaceae,0.00552,
483,239.0,P60,4.0,0.0089,R5,28.0,Asia,Brassicaceae,Brassicaceae,0.00552,
484,238.0,P59,3.0,0.0219,R1,29.0,Asia,Brassicaceae,Brassicaceae,0.0124,
485,239.0,P59,4.0,0.0228,R1,29.0,Asia,Brassicaceae,Brassicaceae,0.0124,
486,236.0,P59,1.0,0.0107,R1,29.0,Asia,Brassicaceae,Brassicaceae,0.0124,
487,237.0,P59,2.0,0.0037,R1,29.0,Asia,Brassicaceae,Brassicaceae,0.0124,
488,234.0,P59,3.0,0.0517,R5,29.0,Asia,Brassicaceae,Brassicaceae,0.0124,
489,233.0,P59,2.0,0.015300000000000001,R4,29.0,Asia,Brassicaceae,Brassicaceae,0.0124,
490,234.0,P59,3.0,0.010199999999999999,R4,29.0,Asia,Brassicaceae,Brassicaceae,0.0124,
491,235.0,P59,4.0,0.0114,R4,29.0,Asia,Brassicaceae,Brassicaceae,0.0124,
492,236.0,P59,1.0,0.0219,R3,29.0,Asia,Brassicaceae,Brassicaceae,0.0124,
493,233.0,P59,2.0,0.0126,R5,29.0,Asia,Brassicaceae,Brassicaceae,0.0124,
494,235.0,P59,4.0,0.0507,R5,29.0,Asia,Brassicaceae,Brassicaceae,0.0124,
495,232.0,P59,1.0,0.021,R5,29.0,Asia,Brassicaceae,Brassicaceae,0.0124,
496,232.0,P59,1.0,0.011300000000000001,R4,29.0,Asia,Brassicaceae,Brassicaceae,0.0124,
497,239.0,P59,4.0,0.0196,R3,29.0,Asia,Brassicaceae,Brassicaceae,0.0124,
498,238.0,P59,3.0,0.0418,R3,29.0,Asia,Brassicaceae,Brassicaceae,0.0124,
499,237.0,P59,2.0,0.0302,R3,29.0,Asia,Brassicaceae,Brassicaceae,0.0124,
500,247.0,P62,4.0,0.0077,R7A,30.0,Asia,Cucurbitaceae,Cucurbitaceae,0.0009,
501,247.0,P62,4.0,0.0182,R4,30.0,Asia,Cucurbitaceae,Cucurbitaceae,0.0009,
502,246.0,P62,3.0,0.0,R4,30.0,Asia,Cucurbitaceae,Cucurbitaceae,0.0009,
503,245.0,P62,2.0,0.0135,R4,30.0,Asia,Cucurbitaceae,Cucurbitaceae,0.0009,
504,244.0,P62,1.0,0.018,R4,30.0,Asia,Cucurbitaceae,Cucurbitaceae,0.0009,
505,245.0,P62,2.0,0.053,R7A,30.0,Asia,Cucurbitaceae,Cucurbitaceae,0.0009,
506,244.0,P62,1.0,0.0038,R7A,30.0,Asia,Cucurbitaceae,Cucurbitaceae,0.0009,
507,246.0,P62,3.0,0.0082,R7A,30.0,Asia,Cucurbitaceae,Cucurbitaceae,0.0009,
508,248.0,P62,1.0,0.0325,R1,30.0,Asia,Cucurbitaceae,Cucurbitaceae,0.0009,
509,249.0,P62,2.0,0.0344,R1,30.0,Asia,Cucurbitaceae,Cucurbitaceae,0.0009,
510,251.0,P62,4.0,0.0,R3,30.0,Asia,Cucurbitaceae,Cucurbitaceae,0.0009,
511,250.0,P62,3.0,0.0,R3,30.0,Asia,Cucurbitaceae,Cucurbitaceae,0.0009,
512,249.0,P62,2.0,0.0141,R3,30.0,Asia,Cucurbitaceae,Cucurbitaceae,0.0009,
513,250.0,P62,3.0,0.0217,R1,30.0,Asia,Cucurbitaceae,Cucurbitaceae,0.0009,
514,251.0,P62,4.0,0.0232,R1,30.0,Asia,Cucurbitaceae,Cucurbitaceae,0.0009,
515,248.0,P62,1.0,0.0483,R3,30.0,Asia,Cucurbitaceae,Cucurbitaceae,0.0009,
516,228.0,P58,1.0,0.0179,R4,31.0,Asia,Brassicaceae,Brassicaceae,0.00198,
517,229.0,P58,2.0,0.0202,R4,31.0,Asia,Brassicaceae,Brassicaceae,0.00198,
518,230.0,P58,3.0,0.016,R4,31.0,Asia,Brassicaceae,Brassicaceae,0.00198,
519,228.0,P58,1.0,0.008,R7A,31.0,Asia,Brassicaceae,Brassicaceae,0.00198,
520,235.0,P58,4.0,0.0306,R3,31.0,Asia,Brassicaceae,Brassicaceae,0.00198,
521,234.0,P58,3.0,0.0221,R3,31.0,Asia,Brassicaceae,Brassicaceae,0.00198,
522,233.0,P58,2.0,0.0329,R3,31.0,Asia,Brassicaceae,Brassicaceae,0.00198,
523,232.0,P58,1.0,0.0463,R1,31.0,Asia,Brassicaceae,Brassicaceae,0.00198,
524,232.0,P58,1.0,0.0251,R3,31.0,Asia,Brassicaceae,Brassicaceae,0.00198,
525,231.0,P58,4.0,0.0031,R4,31.0,Asia,Brassicaceae,Brassicaceae,0.00198,
526,233.0,P58,2.0,0.019,R1,31.0,Asia,Brassicaceae,Brassicaceae,0.00198,
527,234.0,P58,3.0,0.0283,R1,31.0,Asia,Brassicaceae,Brassicaceae,0.00198,
528,230.0,P58,3.0,0.0065,R7A,31.0,Asia,Brassicaceae,Brassicaceae,0.00198,
529,235.0,P58,4.0,0.02,R1,31.0,Asia,Brassicaceae,Brassicaceae,0.00198,
530,231.0,P58,4.0,0.0321,R7A,31.0,Asia,Brassicaceae,Brassicaceae,0.00198,
531,229.0,P58,2.0,0.007,R7A,31.0,Asia,Brassicaceae,Brassicaceae,0.00198,
532,231.0,P57,4.0,0.0346,R1,32.0,Asia,Cucurbitaceae,Cucurbitaceae,0.0009,
533,224.0,P57,1.0,0.0004,R6A,32.0,Asia,Cucurbitaceae,Cucurbitaceae,0.0009,
534,226.0,P57,3.0,0.0162,R6A,32.0,Asia,Cucurbitaceae,Cucurbitaceae,0.0009,
535,227.0,P57,4.0,0.0002,R6A,32.0,Asia,Cucurbitaceae,Cucurbitaceae,0.0009,
536,225.0,P57,2.0,0.0043,R6B,32.0,Asia,Cucurbitaceae,Cucurbitaceae,0.0009,
537,224.0,P57,1.0,0.007,R6B,32.0,Asia,Cucurbitaceae,Cucurbitaceae,0.0009,
538,226.0,P57,3.0,0.0172,R6B,32.0,Asia,Cucurbitaceae,Cucurbitaceae,0.0009,
539,227.0,P57,4.0,0.0081,R6B,32.0,Asia,Cucurbitaceae,Cucurbitaceae,0.0009,
540,229.0,P57,2.0,0.0336,R1,32.0,Asia,Cucurbitaceae,Cucurbitaceae,0.0009,
541,228.0,P57,1.0,0.0208,R1,32.0,Asia,Cucurbitaceae,Cucurbitaceae,0.0009,
542,224.0,P57,1.0,0.0141,R7A,32.0,Asia,Cucurbitaceae,Cucurbitaceae,0.0009,
543,225.0,P57,2.0,0.0152,R7A,32.0,Asia,Cucurbitaceae,Cucurbitaceae,0.0009,
544,226.0,P57,3.0,0.028,R7A,32.0,Asia,Cucurbitaceae,Cucurbitaceae,0.0009,
545,227.0,P57,4.0,0.0271,R7A,32.0,Asia,Cucurbitaceae,Cucurbitaceae,0.0009,
546,230.0,P57,3.0,0.0327,R1,32.0,Asia,Cucurbitaceae,Cucurbitaceae,0.0009,
547,225.0,P57,2.0,0.0,R6A,32.0,Asia,Cucurbitaceae,Cucurbitaceae,0.0009,
548,220.0,P55,1.0,0.0454,R1,33.0,Asia,Cucurbitaceae,Cucurbitaceae,0.0009,
549,222.0,P55,3.0,0.0151,R1,33.0,Asia,Cucurbitaceae,Cucurbitaceae,0.0009,
550,223.0,P55,4.0,0.0194,R1,33.0,Asia,Cucurbitaceae,Cucurbitaceae,0.0009,
551,222.0,P55,3.0,0.0276,R3,33.0,Asia,Cucurbitaceae,Cucurbitaceae,0.0009,
552,221.0,P55,2.0,0.0173,R1,33.0,Asia,Cucurbitaceae,Cucurbitaceae,0.0009,
553,216.0,P55,1.0,0.008199999999999999,R5,33.0,Asia,Cucurbitaceae,Cucurbitaceae,0.0009,
554,217.0,P55,2.0,0.0136,R5,33.0,Asia,Cucurbitaceae,Cucurbitaceae,0.0009,
555,218.0,P55,3.0,0.0024,R5,33.0,Asia,Cucurbitaceae,Cucurbitaceae,0.0009,
556,219.0,P55,4.0,0.013699999999999999,R5,33.0,Asia,Cucurbitaceae,Cucurbitaceae,0.0009,
557,219.0,P55,4.0,0.013300000000000001,R4,33.0,Asia,Cucurbitaceae,Cucurbitaceae,0.0009,
558,218.0,P55,3.0,0.0067,R4,33.0,Asia,Cucurbitaceae,Cucurbitaceae,0.0009,
559,217.0,P55,2.0,0.0076,R4,33.0,Asia,Cucurbitaceae,Cucurbitaceae,0.0009,
560,216.0,P55,1.0,0.0079,R4,33.0,Asia,Cucurbitaceae,Cucurbitaceae,0.0009,
561,220.0,P55,1.0,0.0175,R3,33.0,Asia,Cucurbitaceae,Cucurbitaceae,0.0009,
562,221.0,P55,2.0,0.0185,R3,33.0,Asia,Cucurbitaceae,Cucurbitaceae,0.0009,
563,223.0,P55,4.0,0.0151,R3,33.0,Asia,Cucurbitaceae,Cucurbitaceae,0.0009,
564,26.0,P6,3.0,0.032,R7B,34.0,Africa,Violaceae,Other dicots,0.00673,
565,31.0,P6,4.0,0.0134,R3,34.0,Africa,Violaceae,Other dicots,0.00673,
566,24.0,P6,1.0,0.0206,R7A,34.0,Africa,Violaceae,Other dicots,0.00673,
567,26.0,P6,3.0,0.026,R4,34.0,Africa,Violaceae,Other dicots,0.00673,
568,26.0,P6,3.0,0.0252,R7A,34.0,Africa,Violaceae,Other dicots,0.00673,
569,27.0,P6,4.0,0.023,R7A,34.0,Africa,Violaceae,Other dicots,0.00673,
570,24.0,P6,1.0,0.027,R7B,34.0,Africa,Violaceae,Other dicots,0.00673,
571,27.0,P6,4.0,0.041299999999999996,R4,34.0,Africa,Violaceae,Other dicots,0.00673,
572,27.0,P6,4.0,0.0157,R7B,34.0,Africa,Violaceae,Other dicots,0.00673,
573,30.0,P6,3.0,0.0038,R3,34.0,Africa,Violaceae,Other dicots,0.00673,
574,29.0,P6,2.0,0.0049,R3,34.0,Africa,Violaceae,Other dicots,0.00673,
575,25.0,P6,2.0,0.0255,R4,34.0,Africa,Violaceae,Other dicots,0.00673,
576,28.0,P6,1.0,0.0089,R3,34.0,Africa,Violaceae,Other dicots,0.00673,
577,24.0,P6,1.0,0.0314,R4,34.0,Africa,Violaceae,Other dicots,0.00673,
578,25.0,P6,2.0,0.0124,R7A,34.0,Africa,Violaceae,Other dicots,0.00673,
579,25.0,P6,2.0,0.0184,R7B,34.0,Africa,Violaceae,Other dicots,0.00673,
580,128.0,P32,1.0,0.0175,R5,35.0,NorthAmerica,Fabaceae,Fabaceae,0.58626,
581,133.0,P32,2.0,0.0108,R1,35.0,NorthAmerica,Fabaceae,Fabaceae,0.58626,
582,132.0,P32,1.0,0.0292,R1,35.0,NorthAmerica,Fabaceae,Fabaceae,0.58626,
583,130.0,P32,3.0,0.0238,R7A,35.0,NorthAmerica,Fabaceae,Fabaceae,0.58626,
584,135.0,P32,4.0,0.0108,R1,35.0,NorthAmerica,Fabaceae,Fabaceae,0.58626,
585,129.0,P32,2.0,0.0212,R5,35.0,NorthAmerica,Fabaceae,Fabaceae,0.58626,
586,128.0,P32,1.0,0.0496,R4,35.0,NorthAmerica,Fabaceae,Fabaceae,0.58626,
587,129.0,P32,2.0,0.055299999999999995,R4,35.0,NorthAmerica,Fabaceae,Fabaceae,0.58626,
588,130.0,P32,3.0,0.032100000000000004,R4,35.0,NorthAmerica,Fabaceae,Fabaceae,0.58626,
589,131.0,P32,4.0,0.0635,R4,35.0,NorthAmerica,Fabaceae,Fabaceae,0.58626,
590,131.0,P32,4.0,0.0245,R7A,35.0,NorthAmerica,Fabaceae,Fabaceae,0.58626,
591,131.0,P32,4.0,0.0287,R5,35.0,NorthAmerica,Fabaceae,Fabaceae,0.58626,
592,130.0,P32,3.0,0.0224,R5,35.0,NorthAmerica,Fabaceae,Fabaceae,0.58626,
593,128.0,P32,1.0,0.0435,R7A,35.0,NorthAmerica,Fabaceae,Fabaceae,0.58626,
594,129.0,P32,2.0,0.0164,R7A,35.0,NorthAmerica,Fabaceae,Fabaceae,0.58626,
595,134.0,P32,3.0,0.0425,R1,35.0,NorthAmerica,Fabaceae,Fabaceae,0.58626,
596,132.0,P33,1.0,0.0016,R7A,36.0,NorthAmerica,Fabaceae,Fabaceae,0.0009,
597,132.0,P33,1.0,0.011800000000000001,R6A,36.0,NorthAmerica,Fabaceae,Fabaceae,0.0009,
598,133.0,P33,2.0,0.0123,R7A,36.0,NorthAmerica,Fabaceae,Fabaceae,0.0009,
599,137.0,P33,2.0,0.0227,R1,36.0,NorthAmerica,Fabaceae,Fabaceae,0.0009,
600,135.0,P33,4.0,0.0048,R7A,36.0,NorthAmerica,Fabaceae,Fabaceae,0.0009,
601,134.0,P33,3.0,0.0035,R7A,36.0,NorthAmerica,Fabaceae,Fabaceae,0.0009,
602,132.0,P33,1.0,0.0068,R6B,36.0,NorthAmerica,Fabaceae,Fabaceae,0.0009,
603,133.0,P33,2.0,0.0,R6B,36.0,NorthAmerica,Fabaceae,Fabaceae,0.0009,
604,134.0,P33,3.0,0.0128,R6B,36.0,NorthAmerica,Fabaceae,Fabaceae,0.0009,
605,136.0,P33,1.0,0.0129,R1,36.0,NorthAmerica,Fabaceae,Fabaceae,0.0009,
606,135.0,P33,4.0,0.008199999999999999,R6B,36.0,NorthAmerica,Fabaceae,Fabaceae,0.0009,
607,138.0,P33,3.0,0.0255,R1,36.0,NorthAmerica,Fabaceae,Fabaceae,0.0009,
608,139.0,P33,4.0,0.0385,R1,36.0,NorthAmerica,Fabaceae,Fabaceae,0.0009,
609,135.0,P33,4.0,0.0016,R6A,36.0,NorthAmerica,Fabaceae,Fabaceae,0.0009,
610,134.0,P33,3.0,0.0218,R6A,36.0,NorthAmerica,Fabaceae,Fabaceae,0.0009,
611,133.0,P33,2.0,0.0022,R6A,36.0,NorthAmerica,Fabaceae,Fabaceae,0.0009,
612,249.0,P63,2.0,0.0143,R5,37.0,Asia,Brassicaceae,Brassicaceae,0.58033,
613,248.0,P63,1.0,0.0195,R6A,37.0,Asia,Brassicaceae,Brassicaceae,0.58033,
614,249.0,P63,2.0,0.023600000000000003,R6A,37.0,Asia,Brassicaceae,Brassicaceae,0.58033,
615,250.0,P63,3.0,0.0224,R5,37.0,Asia,Brassicaceae,Brassicaceae,0.58033,
616,248.0,P63,1.0,0.013900000000000001,R5,37.0,Asia,Brassicaceae,Brassicaceae,0.58033,
617,250.0,P63,3.0,0.0415,R6A,37.0,Asia,Brassicaceae,Brassicaceae,0.58033,
618,249.0,P63,2.0,0.03,R7A,37.0,Asia,Brassicaceae,Brassicaceae,0.58033,
619,251.0,P63,4.0,0.0504,R5,37.0,Asia,Brassicaceae,Brassicaceae,0.58033,
620,251.0,P63,4.0,0.0195,R6A,37.0,Asia,Brassicaceae,Brassicaceae,0.58033,
621,248.0,P63,1.0,0.0272,R7A,37.0,Asia,Brassicaceae,Brassicaceae,0.58033,
622,251.0,P63,4.0,0.0054,R6B,37.0,Asia,Brassicaceae,Brassicaceae,0.58033,
623,250.0,P63,3.0,0.0128,R6B,37.0,Asia,Brassicaceae,Brassicaceae,0.58033,
624,249.0,P63,2.0,0.0,R6B,37.0,Asia,Brassicaceae,Brassicaceae,0.58033,
625,248.0,P63,1.0,0.0078,R6B,37.0,Asia,Brassicaceae,Brassicaceae,0.58033,
626,250.0,P63,3.0,0.0464,R7A,37.0,Asia,Brassicaceae,Brassicaceae,0.58033,
627,251.0,P63,4.0,0.0309,R7A,37.0,Asia,Brassicaceae,Brassicaceae,0.58033,
628,241.0,P61,2.0,0.0294,R8A,38.0,Asia,Rosaceae,Rosaceae,0.53051,
629,242.0,P61,3.0,0.0634,R8A,38.0,Asia,Rosaceae,Rosaceae,0.53051,
630,243.0,P61,4.0,0.09,R8A,38.0,Asia,Rosaceae,Rosaceae,0.53051,
631,243.0,P61,4.0,0.0028,R6A,38.0,Asia,Rosaceae,Rosaceae,0.53051,
632,240.0,P61,1.0,0.010199999999999999,R6B,38.0,Asia,Rosaceae,Rosaceae,0.53051,
633,241.0,P61,2.0,0.0233,R6B,38.0,Asia,Rosaceae,Rosaceae,0.53051,
634,241.0,P61,2.0,0.0386,R7B,38.0,Asia,Rosaceae,Rosaceae,0.53051,
635,241.0,P61,2.0,0.0111,R6A,38.0,Asia,Rosaceae,Rosaceae,0.53051,
636,242.0,P61,3.0,0.0288,R7B,38.0,Asia,Rosaceae,Rosaceae,0.53051,
637,242.0,P61,3.0,0.0148,R6B,38.0,Asia,Rosaceae,Rosaceae,0.53051,
638,243.0,P61,4.0,0.0258,R6B,38.0,Asia,Rosaceae,Rosaceae,0.53051,
639,243.0,P61,4.0,0.0089,R7B,38.0,Asia,Rosaceae,Rosaceae,0.53051,
640,240.0,P61,1.0,0.0101,R8A,38.0,Asia,Rosaceae,Rosaceae,0.53051,
641,240.0,P61,1.0,0.042,R7B,38.0,Asia,Rosaceae,Rosaceae,0.53051,
642,242.0,P61,3.0,0.0176,R6A,38.0,Asia,Rosaceae,Rosaceae,0.53051,
643,240.0,P61,1.0,0.026199999999999998,R6A,38.0,Asia,Rosaceae,Rosaceae,0.53051,
644,261.0,P66,2.0,0.0612,R8A,39.0,Asia,Solanaceae,Solanaceae,0.81223,
645,266.0,P66,3.0,0.0192,R1,39.0,Asia,Solanaceae,Solanaceae,0.81223,
646,260.0,P66,1.0,0.0602,R7B,39.0,Asia,Solanaceae,Solanaceae,0.81223,
647,261.0,P66,2.0,0.0296,R7B,39.0,Asia,Solanaceae,Solanaceae,0.81223,
648,263.0,P66,4.0,0.0428,R7B,39.0,Asia,Solanaceae,Solanaceae,0.81223,
649,263.0,P66,4.0,0.0797,R8A,39.0,Asia,Solanaceae,Solanaceae,0.81223,
650,267.0,P66,4.0,0.0416,R1,39.0,Asia,Solanaceae,Solanaceae,0.81223,
651,263.0,P66,4.0,0.033,R4,39.0,Asia,Solanaceae,Solanaceae,0.81223,
652,262.0,P66,3.0,0.0377,R8A,39.0,Asia,Solanaceae,Solanaceae,0.81223,
653,261.0,P66,2.0,0.017,R4,39.0,Asia,Solanaceae,Solanaceae,0.81223,
654,265.0,P66,2.0,0.0359,R1,39.0,Asia,Solanaceae,Solanaceae,0.81223,
655,264.0,P66,1.0,0.0487,R1,39.0,Asia,Solanaceae,Solanaceae,0.81223,
656,260.0,P66,1.0,0.0281,R4,39.0,Asia,Solanaceae,Solanaceae,0.81223,
657,260.0,P66,1.0,0.037,R8A,39.0,Asia,Solanaceae,Solanaceae,0.81223,
658,262.0,P66,3.0,0.0182,R4,39.0,Asia,Solanaceae,Solanaceae,0.81223,
659,262.0,P66,3.0,0.0242,R7B,39.0,Asia,Solanaceae,Solanaceae,0.81223,
660,164.0,P42,1.0,0.0192,R5,40.0,NorthAmerica,Marchantiaceae,Marchantiaceae,0.0017,
661,165.0,P42,2.0,0.0047,R5,40.0,NorthAmerica,Marchantiaceae,Marchantiaceae,0.0017,
662,170.0,P42,3.0,0.0056,R3,40.0,NorthAmerica,Marchantiaceae,Marchantiaceae,0.0017,
663,170.0,P42,3.0,0.0282,R1,40.0,NorthAmerica,Marchantiaceae,Marchantiaceae,0.0017,
664,167.0,P42,4.0,0.0305,R4,40.0,NorthAmerica,Marchantiaceae,Marchantiaceae,0.0017,
665,166.0,P42,3.0,0.0273,R4,40.0,NorthAmerica,Marchantiaceae,Marchantiaceae,0.0017,
666,166.0,P42,3.0,0.0253,R5,40.0,NorthAmerica,Marchantiaceae,Marchantiaceae,0.0017,
667,165.0,P42,2.0,0.0223,R4,40.0,NorthAmerica,Marchantiaceae,Marchantiaceae,0.0017,
668,164.0,P42,1.0,0.0325,R4,40.0,NorthAmerica,Marchantiaceae,Marchantiaceae,0.0017,
669,171.0,P42,4.0,0.0253,R1,40.0,NorthAmerica,Marchantiaceae,Marchantiaceae,0.0017,
670,168.0,P42,1.0,0.0162,R3,40.0,NorthAmerica,Marchantiaceae,Marchantiaceae,0.0017,
671,169.0,P42,2.0,0.0111,R3,40.0,NorthAmerica,Marchantiaceae,Marchantiaceae,0.0017,
672,167.0,P42,4.0,0.0038,R5,40.0,NorthAmerica,Marchantiaceae,Marchantiaceae,0.0017,
673,171.0,P42,4.0,0.012,R3,40.0,NorthAmerica,Marchantiaceae,Marchantiaceae,0.0017,
674,169.0,P42,2.0,0.0284,R1,40.0,NorthAmerica,Marchantiaceae,Marchantiaceae,0.0017,
675,168.0,P42,1.0,0.02,R1,40.0,NorthAmerica,Marchantiaceae,Marchantiaceae,0.0017,
676,293.0,P612,2.0,0.038,R6B,41.0,Europe,Brassicaceae,Brassicaceae,0.11944,
677,299.0,P612,4.0,0.0418,R7B,41.0,Europe,Brassicaceae,Brassicaceae,0.11944,
678,298.0,P612,3.0,0.0406,R7B,41.0,Europe,Brassicaceae,Brassicaceae,0.11944,
679,295.0,P612,4.0,0.0072,R7A,41.0,Europe,Brassicaceae,Brassicaceae,0.11944,
680,294.0,P612,3.0,0.0187,R7A,41.0,Europe,Brassicaceae,Brassicaceae,0.11944,
681,297.0,P612,2.0,0.0312,R7B,41.0,Europe,Brassicaceae,Brassicaceae,0.11944,
682,293.0,P612,2.0,0.034,R7A,41.0,Europe,Brassicaceae,Brassicaceae,0.11944,
683,296.0,P612,1.0,0.0312,R7B,41.0,Europe,Brassicaceae,Brassicaceae,0.11944,
684,294.0,P612,3.0,0.0247,R6B,41.0,Europe,Brassicaceae,Brassicaceae,0.11944,
685,292.0,P612,1.0,0.013699999999999999,R6A,41.0,Europe,Brassicaceae,Brassicaceae,0.11944,
686,295.0,P612,4.0,0.0002,R6A,41.0,Europe,Brassicaceae,Brassicaceae,0.11944,
687,294.0,P612,3.0,0.0022,R6A,41.0,Europe,Brassicaceae,Brassicaceae,0.11944,
688,293.0,P612,2.0,0.0,R6A,41.0,Europe,Brassicaceae,Brassicaceae,0.11944,
689,295.0,P612,4.0,0.0083,R6B,41.0,Europe,Brassicaceae,Brassicaceae,0.11944,
690,292.0,P612,1.0,0.0258,R6B,41.0,Europe,Brassicaceae,Brassicaceae,0.11944,
691,285.0,P421,2.0,0.0361,R5,42.0,Europe,Brassicaceae,Brassicaceae,0.39959,
692,284.0,P421,1.0,0.0183,R5,42.0,Europe,Brassicaceae,Brassicaceae,0.39959,
693,287.0,P421,4.0,0.0601,R5,42.0,Europe,Brassicaceae,Brassicaceae,0.39959,
694,289.0,P421,2.0,0.0378,R1,42.0,Europe,Brassicaceae,Brassicaceae,0.39959,
695,290.0,P421,3.0,0.0356,R1,42.0,Europe,Brassicaceae,Brassicaceae,0.39959,
696,291.0,P421,4.0,0.0285,R1,42.0,Europe,Brassicaceae,Brassicaceae,0.39959,
697,288.0,P421,1.0,0.0248,R1,42.0,Europe,Brassicaceae,Brassicaceae,0.39959,
698,286.0,P421,3.0,0.0518,R5,42.0,Europe,Brassicaceae,Brassicaceae,0.39959,
699,287.0,P421,4.0,0.0169,R4,42.0,Europe,Brassicaceae,Brassicaceae,0.39959,
700,284.0,P421,1.0,0.015099999999999999,R4,42.0,Europe,Brassicaceae,Brassicaceae,0.39959,
701,286.0,P421,3.0,0.0498,R4,42.0,Europe,Brassicaceae,Brassicaceae,0.39959,
702,288.0,P421,1.0,0.0126,R3,42.0,Europe,Brassicaceae,Brassicaceae,0.39959,
703,289.0,P421,2.0,0.0158,R3,42.0,Europe,Brassicaceae,Brassicaceae,0.39959,
704,290.0,P421,3.0,0.0156,R3,42.0,Europe,Brassicaceae,Brassicaceae,0.39959,
705,291.0,P421,4.0,0.0054,R3,42.0,Europe,Brassicaceae,Brassicaceae,0.39959,
706,169.0,P43,2.0,0.0095,R5,43.0,Europe,Brassicaceae,Brassicaceae,0.0739,
707,175.0,P43,4.0,0.0143,R3,43.0,Europe,Brassicaceae,Brassicaceae,0.0739,
708,174.0,P43,3.0,0.0218,R3,43.0,Europe,Brassicaceae,Brassicaceae,0.0739,
709,173.0,P43,2.0,0.0283,R3,43.0,Europe,Brassicaceae,Brassicaceae,0.0739,
710,172.0,P43,1.0,0.0293,R3,43.0,Europe,Brassicaceae,Brassicaceae,0.0739,
711,168.0,P43,1.0,0.0176,R4,43.0,Europe,Brassicaceae,Brassicaceae,0.0739,
712,169.0,P43,2.0,0.026,R4,43.0,Europe,Brassicaceae,Brassicaceae,0.0739,
713,170.0,P43,3.0,0.0416,R4,43.0,Europe,Brassicaceae,Brassicaceae,0.0739,
714,171.0,P43,4.0,0.0179,R4,43.0,Europe,Brassicaceae,Brassicaceae,0.0739,
715,174.0,P43,3.0,0.0066,R1,43.0,Europe,Brassicaceae,Brassicaceae,0.0739,
716,175.0,P43,4.0,0.0394,R1,43.0,Europe,Brassicaceae,Brassicaceae,0.0739,
717,168.0,P43,1.0,0.0162,R5,43.0,Europe,Brassicaceae,Brassicaceae,0.0739,
718,170.0,P43,3.0,0.008400000000000001,R5,43.0,Europe,Brassicaceae,Brassicaceae,0.0739,
719,173.0,P43,2.0,0.0609,R1,43.0,Europe,Brassicaceae,Brassicaceae,0.0739,
720,172.0,P43,1.0,0.069,R1,43.0,Europe,Brassicaceae,Brassicaceae,0.0739,
721,171.0,P43,4.0,0.0048,R5,43.0,Europe,Brassicaceae,Brassicaceae,0.0739,
722,79.0,P19,4.0,0.013699999999999999,R6A,44.0,Europe,Brassicaceae,Brassicaceae,0.00677,
723,78.0,P19,3.0,0.0094,R5,44.0,Europe,Brassicaceae,Brassicaceae,0.00677,
724,77.0,P19,2.0,0.0354,R5,44.0,Europe,Brassicaceae,Brassicaceae,0.00677,
725,76.0,P19,1.0,0.021,R5,44.0,Europe,Brassicaceae,Brassicaceae,0.00677,
726,83.0,P19,4.0,0.0,R3,44.0,Europe,Brassicaceae,Brassicaceae,0.00677,
727,76.0,P19,1.0,0.020300000000000002,R4,44.0,Europe,Brassicaceae,Brassicaceae,0.00677,
728,78.0,P19,3.0,0.014199999999999999,R6A,44.0,Europe,Brassicaceae,Brassicaceae,0.00677,
729,77.0,P19,2.0,0.0092,R4,44.0,Europe,Brassicaceae,Brassicaceae,0.00677,
730,78.0,P19,3.0,0.0417,R4,44.0,Europe,Brassicaceae,Brassicaceae,0.00677,
731,81.0,P19,2.0,0.032,R3,44.0,Europe,Brassicaceae,Brassicaceae,0.00677,
732,80.0,P19,1.0,0.019,R3,44.0,Europe,Brassicaceae,Brassicaceae,0.00677,
733,76.0,P19,1.0,0.0040999999999999995,R6A,44.0,Europe,Brassicaceae,Brassicaceae,0.00677,
734,82.0,P19,3.0,0.0329,R3,44.0,Europe,Brassicaceae,Brassicaceae,0.00677,
735,77.0,P19,2.0,0.017,R6A,44.0,Europe,Brassicaceae,Brassicaceae,0.00677,
736,79.0,P19,4.0,0.0,R4,44.0,Europe,Brassicaceae,Brassicaceae,0.00677,
737,269.0,P68,2.0,0.0468,R7A,45.0,Europe,Brassicaceae,Brassicaceae,0.02181,
738,270.0,P68,3.0,0.0107,R7B,45.0,Europe,Brassicaceae,Brassicaceae,0.02181,
739,270.0,P68,3.0,0.030199999999999998,R5,45.0,Europe,Brassicaceae,Brassicaceae,0.02181,
740,269.0,P68,2.0,0.011,R5,45.0,Europe,Brassicaceae,Brassicaceae,0.02181,
741,268.0,P68,1.0,0.023,R5,45.0,Europe,Brassicaceae,Brassicaceae,0.02181,
742,270.0,P68,3.0,0.0091,R7A,45.0,Europe,Brassicaceae,Brassicaceae,0.02181,
743,271.0,P68,4.0,0.0077,R7B,45.0,Europe,Brassicaceae,Brassicaceae,0.02181,
744,268.0,P68,1.0,0.028,R7A,45.0,Europe,Brassicaceae,Brassicaceae,0.02181,
745,271.0,P68,4.0,0.033100000000000004,R4,45.0,Europe,Brassicaceae,Brassicaceae,0.02181,
746,270.0,P68,3.0,0.0424,R4,45.0,Europe,Brassicaceae,Brassicaceae,0.02181,
747,268.0,P68,1.0,0.0313,R4,45.0,Europe,Brassicaceae,Brassicaceae,0.02181,
748,268.0,P68,1.0,0.025,R7B,45.0,Europe,Brassicaceae,Brassicaceae,0.02181,
749,269.0,P68,2.0,0.0067,R7B,45.0,Europe,Brassicaceae,Brassicaceae,0.02181,
750,269.0,P68,2.0,0.052700000000000004,R4,45.0,Europe,Brassicaceae,Brassicaceae,0.02181,
751,271.0,P68,4.0,0.0,R7A,45.0,Europe,Brassicaceae,Brassicaceae,0.02181,
752,75.0,P18,4.0,0.0353,R7A,46.0,Europe,Brassicaceae,Brassicaceae,0.011,
753,78.0,P18,3.0,0.0188,R1,46.0,Europe,Brassicaceae,Brassicaceae,0.011,
754,79.0,P18,4.0,0.0123,R1,46.0,Europe,Brassicaceae,Brassicaceae,0.011,
755,76.0,P18,1.0,0.0059,R3,46.0,Europe,Brassicaceae,Brassicaceae,0.011,
756,77.0,P18,2.0,0.0105,R3,46.0,Europe,Brassicaceae,Brassicaceae,0.011,
757,78.0,P18,3.0,0.0218,R3,46.0,Europe,Brassicaceae,Brassicaceae,0.011,
758,79.0,P18,4.0,0.0046,R3,46.0,Europe,Brassicaceae,Brassicaceae,0.011,
759,73.0,P18,2.0,0.0357,R7A,46.0,Europe,Brassicaceae,Brassicaceae,0.011,
760,72.0,P18,1.0,0.0127,R4,46.0,Europe,Brassicaceae,Brassicaceae,0.011,
761,72.0,P18,1.0,0.0621,R7A,46.0,Europe,Brassicaceae,Brassicaceae,0.011,
762,77.0,P18,2.0,0.0053,R1,46.0,Europe,Brassicaceae,Brassicaceae,0.011,
763,74.0,P18,3.0,0.0556,R7A,46.0,Europe,Brassicaceae,Brassicaceae,0.011,
764,73.0,P18,2.0,0.02,R4,46.0,Europe,Brassicaceae,Brassicaceae,0.011,
765,74.0,P18,3.0,0.0253,R4,46.0,Europe,Brassicaceae,Brassicaceae,0.011,
766,75.0,P18,4.0,0.0476,R4,46.0,Europe,Brassicaceae,Brassicaceae,0.011,
767,76.0,P18,1.0,0.013,R1,46.0,Europe,Brassicaceae,Brassicaceae,0.011,
768,200.0,P51,1.0,0.0053,R5,47.0,unknown,Not plant,Not plant-isolated,0.00209,
769,204.0,P51,1.0,0.0218,R1,47.0,unknown,Not plant,Not plant-isolated,0.00209,
770,201.0,P51,2.0,0.0054,R5,47.0,unknown,Not plant,Not plant-isolated,0.00209,
771,202.0,P51,3.0,0.0,R5,47.0,unknown,Not plant,Not plant-isolated,0.00209,
772,203.0,P51,4.0,0.0249,R5,47.0,unknown,Not plant,Not plant-isolated,0.00209,
773,200.0,P51,1.0,0.0094,R7A,47.0,unknown,Not plant,Not plant-isolated,0.00209,
774,201.0,P51,2.0,0.0025,R7A,47.0,unknown,Not plant,Not plant-isolated,0.00209,
775,203.0,P51,4.0,0.0056,R7A,47.0,unknown,Not plant,Not plant-isolated,0.00209,
776,206.0,P51,3.0,0.0319,R1,47.0,unknown,Not plant,Not plant-isolated,0.00209,
777,202.0,P51,3.0,0.0489,R7A,47.0,unknown,Not plant,Not plant-isolated,0.00209,
778,203.0,P51,4.0,0.0293,R7B,47.0,unknown,Not plant,Not plant-isolated,0.00209,
779,202.0,P51,3.0,0.0151,R7B,47.0,unknown,Not plant,Not plant-isolated,0.00209,
780,201.0,P51,2.0,0.0479,R7B,47.0,unknown,Not plant,Not plant-isolated,0.00209,
781,200.0,P51,1.0,0.0389,R7B,47.0,unknown,Not plant,Not plant-isolated,0.00209,
782,205.0,P51,2.0,0.0485,R1,47.0,unknown,Not plant,Not plant-isolated,0.00209,
783,207.0,P51,4.0,0.0326,R1,47.0,unknown,Not plant,Not plant-isolated,0.00209,
784,141.0,P35,2.0,0.011300000000000001,R6A,48.0,NorthAmerica,Cucurbitaceae,Cucurbitaceae,0.14344,
785,142.0,P35,3.0,0.0086,R6A,48.0,NorthAmerica,Cucurbitaceae,Cucurbitaceae,0.14344,
786,143.0,P35,4.0,0.0022,R6A,48.0,NorthAmerica,Cucurbitaceae,Cucurbitaceae,0.14344,
787,140.0,P35,1.0,0.0244,R7A,48.0,NorthAmerica,Cucurbitaceae,Cucurbitaceae,0.14344,
788,145.0,P35,2.0,0.0153,R1,48.0,NorthAmerica,Cucurbitaceae,Cucurbitaceae,0.14344,
789,141.0,P35,2.0,0.0293,R7A,48.0,NorthAmerica,Cucurbitaceae,Cucurbitaceae,0.14344,
790,142.0,P35,3.0,0.0421,R7A,48.0,NorthAmerica,Cucurbitaceae,Cucurbitaceae,0.14344,
791,143.0,P35,4.0,0.0469,R7A,48.0,NorthAmerica,Cucurbitaceae,Cucurbitaceae,0.14344,
792,140.0,P35,1.0,0.0251,R6A,48.0,NorthAmerica,Cucurbitaceae,Cucurbitaceae,0.14344,
793,144.0,P35,1.0,0.0264,R1,48.0,NorthAmerica,Cucurbitaceae,Cucurbitaceae,0.14344,
794,146.0,P35,3.0,0.0229,R1,48.0,NorthAmerica,Cucurbitaceae,Cucurbitaceae,0.14344,
795,147.0,P35,4.0,0.0116,R1,48.0,NorthAmerica,Cucurbitaceae,Cucurbitaceae,0.14344,
796,140.0,P35,1.0,0.0228,R6B,48.0,NorthAmerica,Cucurbitaceae,Cucurbitaceae,0.14344,
797,141.0,P35,2.0,0.0184,R6B,48.0,NorthAmerica,Cucurbitaceae,Cucurbitaceae,0.14344,
798,142.0,P35,3.0,0.009699999999999999,R6B,48.0,NorthAmerica,Cucurbitaceae,Cucurbitaceae,0.14344,
799,143.0,P35,4.0,0.0165,R6B,48.0,NorthAmerica,Cucurbitaceae,Cucurbitaceae,0.14344,
800,285.0,P340,2.0,0.0181,R7B,49.0,Europe,Brassicaceae,Brassicaceae,0.03081,
801,282.0,P340,3.0,0.0204,R7A,49.0,Europe,Brassicaceae,Brassicaceae,0.03081,
802,281.0,P340,2.0,0.0271,R7A,49.0,Europe,Brassicaceae,Brassicaceae,0.03081,
803,283.0,P340,4.0,0.0116,R6B,49.0,Europe,Brassicaceae,Brassicaceae,0.03081,
804,282.0,P340,3.0,0.0207,R6B,49.0,Europe,Brassicaceae,Brassicaceae,0.03081,
805,281.0,P340,2.0,0.0289,R6B,49.0,Europe,Brassicaceae,Brassicaceae,0.03081,
806,280.0,P340,1.0,0.022,R6B,49.0,Europe,Brassicaceae,Brassicaceae,0.03081,
807,284.0,P340,1.0,0.0215,R7B,49.0,Europe,Brassicaceae,Brassicaceae,0.03081,
808,283.0,P340,4.0,0.0353,R7A,49.0,Europe,Brassicaceae,Brassicaceae,0.03081,
809,280.0,P340,1.0,0.0,R6A,49.0,Europe,Brassicaceae,Brassicaceae,0.03081,
810,281.0,P340,2.0,0.003,R6A,49.0,Europe,Brassicaceae,Brassicaceae,0.03081,
811,282.0,P340,3.0,0.0,R6A,49.0,Europe,Brassicaceae,Brassicaceae,0.03081,
812,283.0,P340,4.0,0.0125,R6A,49.0,Europe,Brassicaceae,Brassicaceae,0.03081,
813,286.0,P340,3.0,0.0276,R7B,49.0,Europe,Brassicaceae,Brassicaceae,0.03081,
814,287.0,P340,4.0,0.0245,R7B,49.0,Europe,Brassicaceae,Brassicaceae,0.03081,
815,107.0,P25,4.0,0.0099,R3,50.0,Europe,Brassicaceae,Brassicaceae,0.01899,
816,103.0,P25,4.0,0.0219,R4,50.0,Europe,Brassicaceae,Brassicaceae,0.01899,
817,102.0,P25,3.0,0.0272,R4,50.0,Europe,Brassicaceae,Brassicaceae,0.01899,
818,101.0,P25,2.0,0.0313,R4,50.0,Europe,Brassicaceae,Brassicaceae,0.01899,
819,100.0,P25,1.0,0.032100000000000004,R4,50.0,Europe,Brassicaceae,Brassicaceae,0.01899,
820,105.0,P25,2.0,0.0174,R3,50.0,Europe,Brassicaceae,Brassicaceae,0.01899,
821,104.0,P25,1.0,0.0111,R3,50.0,Europe,Brassicaceae,Brassicaceae,0.01899,
822,106.0,P25,3.0,0.0096,R3,50.0,Europe,Brassicaceae,Brassicaceae,0.01899,
823,106.0,P25,3.0,0.0137,R1,50.0,Europe,Brassicaceae,Brassicaceae,0.01899,
824,101.0,P25,2.0,0.0248,R5,50.0,Europe,Brassicaceae,Brassicaceae,0.01899,
825,100.0,P25,1.0,0.0184,R5,50.0,Europe,Brassicaceae,Brassicaceae,0.01899,
826,102.0,P25,3.0,0.02,R5,50.0,Europe,Brassicaceae,Brassicaceae,0.01899,
827,104.0,P25,1.0,0.0574,R1,50.0,Europe,Brassicaceae,Brassicaceae,0.01899,
828,105.0,P25,2.0,0.0161,R1,50.0,Europe,Brassicaceae,Brassicaceae,0.01899,
829,103.0,P25,4.0,0.024300000000000002,R5,50.0,Europe,Brassicaceae,Brassicaceae,0.01899,
830,107.0,P25,4.0,0.0167,R1,50.0,Europe,Brassicaceae,Brassicaceae,0.01899,
831,25.0,P5,2.0,0.0303,R3,51.0,NorthAmerica,Solanaceae,Solanaceae,0.02234,
832,27.0,P5,4.0,0.0214,R1,51.0,NorthAmerica,Solanaceae,Solanaceae,0.02234,
833,23.0,P5,4.0,0.0129,R5,51.0,NorthAmerica,Solanaceae,Solanaceae,0.02234,
834,21.0,P5,2.0,0.007,R5,51.0,NorthAmerica,Solanaceae,Solanaceae,0.02234,
835,20.0,P5,1.0,0.0018,R5,51.0,NorthAmerica,Solanaceae,Solanaceae,0.02234,
836,27.0,P5,4.0,0.0162,R3,51.0,NorthAmerica,Solanaceae,Solanaceae,0.02234,
837,24.0,P5,1.0,0.0458,R3,51.0,NorthAmerica,Solanaceae,Solanaceae,0.02234,
838,20.0,P5,1.0,0.0304,R4,51.0,NorthAmerica,Solanaceae,Solanaceae,0.02234,
839,26.0,P5,3.0,0.0516,R1,51.0,NorthAmerica,Solanaceae,Solanaceae,0.02234,
840,22.0,P5,3.0,0.0159,R4,51.0,NorthAmerica,Solanaceae,Solanaceae,0.02234,
841,26.0,P5,3.0,0.0206,R3,51.0,NorthAmerica,Solanaceae,Solanaceae,0.02234,
842,24.0,P5,1.0,0.0444,R1,51.0,NorthAmerica,Solanaceae,Solanaceae,0.02234,
843,25.0,P5,2.0,0.0183,R1,51.0,NorthAmerica,Solanaceae,Solanaceae,0.02234,
844,21.0,P5,2.0,0.0127,R4,51.0,NorthAmerica,Solanaceae,Solanaceae,0.02234,
845,23.0,P5,4.0,0.0198,R4,51.0,NorthAmerica,Solanaceae,Solanaceae,0.02234,
846,138.0,P34,3.0,0.0146,R6B,52.0,NorthAmerica,Fabaceae,Fabaceae,0.0009,
847,140.0,P34,1.0,0.021,R3,52.0,NorthAmerica,Fabaceae,Fabaceae,0.0009,
848,141.0,P34,2.0,0.0074,R3,52.0,NorthAmerica,Fabaceae,Fabaceae,0.0009,
849,137.0,P34,2.0,0.002,R6B,52.0,NorthAmerica,Fabaceae,Fabaceae,0.0009,
850,136.0,P34,1.0,0.0052,R6B,52.0,NorthAmerica,Fabaceae,Fabaceae,0.0009,
851,142.0,P34,3.0,0.0203,R3,52.0,NorthAmerica,Fabaceae,Fabaceae,0.0009,
852,143.0,P34,4.0,0.0058,R3,52.0,NorthAmerica,Fabaceae,Fabaceae,0.0009,
853,139.0,P34,4.0,0.0124,R6B,52.0,NorthAmerica,Fabaceae,Fabaceae,0.0009,
854,139.0,P34,4.0,0.0003,R6A,52.0,NorthAmerica,Fabaceae,Fabaceae,0.0009,
855,138.0,P34,3.0,0.0035,R6A,52.0,NorthAmerica,Fabaceae,Fabaceae,0.0009,
856,137.0,P34,2.0,0.0013,R6A,52.0,NorthAmerica,Fabaceae,Fabaceae,0.0009,
857,136.0,P34,1.0,0.0015,R6A,52.0,NorthAmerica,Fabaceae,Fabaceae,0.0009,
858,139.0,P34,4.0,0.0022,R7A,52.0,NorthAmerica,Fabaceae,Fabaceae,0.0009,
859,138.0,P34,3.0,0.0111,R7A,52.0,NorthAmerica,Fabaceae,Fabaceae,0.0009,
860,137.0,P34,2.0,0.0109,R7A,52.0,NorthAmerica,Fabaceae,Fabaceae,0.0009,
861,136.0,P34,1.0,0.0027,R7A,52.0,NorthAmerica,Fabaceae,Fabaceae,0.0009,
862,68.0,P17,1.0,0.0085,R7A,53.0,Europe,Not plant,Not plant-isolated,0.0009,
863,68.0,P17,1.0,0.0043,R4,53.0,Europe,Not plant,Not plant-isolated,0.0009,
864,70.0,P17,3.0,0.0148,R4,53.0,Europe,Not plant,Not plant-isolated,0.0009,
865,71.0,P17,4.0,0.011300000000000001,R4,53.0,Europe,Not plant,Not plant-isolated,0.0009,
866,71.0,P17,4.0,0.002,R5,53.0,Europe,Not plant,Not plant-isolated,0.0009,
867,70.0,P17,3.0,0.0308,R5,53.0,Europe,Not plant,Not plant-isolated,0.0009,
868,69.0,P17,2.0,0.008400000000000001,R5,53.0,Europe,Not plant,Not plant-isolated,0.0009,
869,68.0,P17,1.0,0.0291,R5,53.0,Europe,Not plant,Not plant-isolated,0.0009,
870,69.0,P17,2.0,0.0074,R4,53.0,Europe,Not plant,Not plant-isolated,0.0009,
871,73.0,P17,2.0,0.0051,R3,53.0,Europe,Not plant,Not plant-isolated,0.0009,
872,69.0,P17,2.0,0.0042,R7A,53.0,Europe,Not plant,Not plant-isolated,0.0009,
873,70.0,P17,3.0,0.0058,R7A,53.0,Europe,Not plant,Not plant-isolated,0.0009,
874,71.0,P17,4.0,0.0019,R7A,53.0,Europe,Not plant,Not plant-isolated,0.0009,
875,75.0,P17,4.0,0.0,R3,53.0,Europe,Not plant,Not plant-isolated,0.0009,
876,74.0,P17,3.0,0.0061,R3,53.0,Europe,Not plant,Not plant-isolated,0.0009,
877,72.0,P17,1.0,0.0148,R3,53.0,Europe,Not plant,Not plant-isolated,0.0009,
878,17.0,P4,2.0,0.0262,R7B,54.0,NorthAmerica,Rubiaceae,Other dicots,0.07876,
879,18.0,P4,3.0,0.0285,R7B,54.0,NorthAmerica,Rubiaceae,Other dicots,0.07876,
880,23.0,P4,4.0,0.0009,R3,54.0,NorthAmerica,Rubiaceae,Other dicots,0.07876,
881,19.0,P4,4.0,0.0022,R5,54.0,NorthAmerica,Rubiaceae,Other dicots,0.07876,
882,16.0,P4,1.0,0.03,R7A,54.0,NorthAmerica,Rubiaceae,Other dicots,0.07876,
883,18.0,P4,3.0,0.0143,R7A,54.0,NorthAmerica,Rubiaceae,Other dicots,0.07876,
884,16.0,P4,1.0,0.0256,R7B,54.0,NorthAmerica,Rubiaceae,Other dicots,0.07876,
885,20.0,P4,1.0,0.0243,R3,54.0,NorthAmerica,Rubiaceae,Other dicots,0.07876,
886,21.0,P4,2.0,0.0344,R3,54.0,NorthAmerica,Rubiaceae,Other dicots,0.07876,
887,22.0,P4,3.0,0.0229,R3,54.0,NorthAmerica,Rubiaceae,Other dicots,0.07876,
888,17.0,P4,2.0,0.0599,R7A,54.0,NorthAmerica,Rubiaceae,Other dicots,0.07876,
889,19.0,P4,4.0,0.0393,R7B,54.0,NorthAmerica,Rubiaceae,Other dicots,0.07876,
890,19.0,P4,4.0,0.0246,R7A,54.0,NorthAmerica,Rubiaceae,Other dicots,0.07876,
891,17.0,P4,2.0,0.013,R5,54.0,NorthAmerica,Rubiaceae,Other dicots,0.07876,
892,18.0,P4,3.0,0.012,R5,54.0,NorthAmerica,Rubiaceae,Other dicots,0.07876,
893,16.0,P4,1.0,0.0132,R5,54.0,NorthAmerica,Rubiaceae,Other dicots,0.07876,
894,148.0,P38,1.0,0.0172,R5,55.0,NorthAmerica,Cucurbitaceae,Cucurbitaceae,0.0033,
895,149.0,P38,2.0,0.0088,R5,55.0,NorthAmerica,Cucurbitaceae,Cucurbitaceae,0.0033,
896,151.0,P38,4.0,0.0044,R5,55.0,NorthAmerica,Cucurbitaceae,Cucurbitaceae,0.0033,
897,148.0,P38,1.0,0.0321,R7A,55.0,NorthAmerica,Cucurbitaceae,Cucurbitaceae,0.0033,
898,150.0,P38,3.0,0.0192,R7A,55.0,NorthAmerica,Cucurbitaceae,Cucurbitaceae,0.0033,
899,149.0,P38,2.0,0.0334,R7A,55.0,NorthAmerica,Cucurbitaceae,Cucurbitaceae,0.0033,
900,150.0,P38,3.0,0.044,R5,55.0,NorthAmerica,Cucurbitaceae,Cucurbitaceae,0.0033,
901,151.0,P38,4.0,0.0133,R7A,55.0,NorthAmerica,Cucurbitaceae,Cucurbitaceae,0.0033,
902,148.0,P38,1.0,0.0306,R7B,55.0,NorthAmerica,Cucurbitaceae,Cucurbitaceae,0.0033,
903,149.0,P38,2.0,0.0161,R7B,55.0,NorthAmerica,Cucurbitaceae,Cucurbitaceae,0.0033,
904,150.0,P38,3.0,0.0117,R7B,55.0,NorthAmerica,Cucurbitaceae,Cucurbitaceae,0.0033,
905,151.0,P38,4.0,0.0452,R7B,55.0,NorthAmerica,Cucurbitaceae,Cucurbitaceae,0.0033,
906,151.0,P38,4.0,0.008199999999999999,R4,55.0,NorthAmerica,Cucurbitaceae,Cucurbitaceae,0.0033,
907,150.0,P38,3.0,0.0101,R4,55.0,NorthAmerica,Cucurbitaceae,Cucurbitaceae,0.0033,
908,149.0,P38,2.0,0.0125,R4,55.0,NorthAmerica,Cucurbitaceae,Cucurbitaceae,0.0033,
909,148.0,P38,1.0,0.0134,R4,55.0,NorthAmerica,Cucurbitaceae,Cucurbitaceae,0.0033,
910,148.0,P36,1.0,0.0362,R1,56.0,NorthAmerica,Cucurbitaceae,Cucurbitaceae,0.0009,
911,145.0,P36,2.0,0.013300000000000001,R5,56.0,NorthAmerica,Cucurbitaceae,Cucurbitaceae,0.0009,
912,146.0,P36,3.0,0.0029,R5,56.0,NorthAmerica,Cucurbitaceae,Cucurbitaceae,0.0009,
913,147.0,P36,4.0,0.0023,R5,56.0,NorthAmerica,Cucurbitaceae,Cucurbitaceae,0.0009,
914,150.0,P36,3.0,0.0274,R1,56.0,NorthAmerica,Cucurbitaceae,Cucurbitaceae,0.0009,
915,149.0,P36,2.0,0.0178,R1,56.0,NorthAmerica,Cucurbitaceae,Cucurbitaceae,0.0009,
916,144.0,P36,1.0,0.0057,R7A,56.0,NorthAmerica,Cucurbitaceae,Cucurbitaceae,0.0009,
917,151.0,P36,4.0,0.063,R1,56.0,NorthAmerica,Cucurbitaceae,Cucurbitaceae,0.0009,
918,145.0,P36,2.0,0.0336,R7A,56.0,NorthAmerica,Cucurbitaceae,Cucurbitaceae,0.0009,
919,146.0,P36,3.0,0.0053,R7A,56.0,NorthAmerica,Cucurbitaceae,Cucurbitaceae,0.0009,
920,147.0,P36,4.0,0.0224,R7A,56.0,NorthAmerica,Cucurbitaceae,Cucurbitaceae,0.0009,
921,146.0,P36,3.0,0.0297,R4,56.0,NorthAmerica,Cucurbitaceae,Cucurbitaceae,0.0009,
922,145.0,P36,2.0,0.012,R4,56.0,NorthAmerica,Cucurbitaceae,Cucurbitaceae,0.0009,
923,144.0,P36,1.0,0.0198,R4,56.0,NorthAmerica,Cucurbitaceae,Cucurbitaceae,0.0009,
924,147.0,P36,4.0,0.0349,R4,56.0,NorthAmerica,Cucurbitaceae,Cucurbitaceae,0.0009,
925,144.0,P36,1.0,0.0015,R5,56.0,NorthAmerica,Cucurbitaceae,Cucurbitaceae,0.0009,
926,152.0,P39,1.0,0.0004,R7A,57.0,NorthAmerica,Cucurbitaceae,Cucurbitaceae,0.0009,
927,153.0,P39,2.0,0.0026,R7A,57.0,NorthAmerica,Cucurbitaceae,Cucurbitaceae,0.0009,
928,152.0,P39,1.0,0.0017,R6A,57.0,NorthAmerica,Cucurbitaceae,Cucurbitaceae,0.0009,
929,153.0,P39,2.0,0.0023,R5,57.0,NorthAmerica,Cucurbitaceae,Cucurbitaceae,0.0009,
930,154.0,P39,3.0,0.0192,R5,57.0,NorthAmerica,Cucurbitaceae,Cucurbitaceae,0.0009,
931,155.0,P39,4.0,0.0351,R5,57.0,NorthAmerica,Cucurbitaceae,Cucurbitaceae,0.0009,
932,154.0,P39,3.0,0.0038,R7A,57.0,NorthAmerica,Cucurbitaceae,Cucurbitaceae,0.0009,
933,153.0,P39,2.0,0.0,R6A,57.0,NorthAmerica,Cucurbitaceae,Cucurbitaceae,0.0009,
934,154.0,P39,3.0,0.0076,R6A,57.0,NorthAmerica,Cucurbitaceae,Cucurbitaceae,0.0009,
935,152.0,P39,1.0,0.0035,R5,57.0,NorthAmerica,Cucurbitaceae,Cucurbitaceae,0.0009,
936,155.0,P39,4.0,0.0035,R7A,57.0,NorthAmerica,Cucurbitaceae,Cucurbitaceae,0.0009,
937,155.0,P39,4.0,0.0,R6A,57.0,NorthAmerica,Cucurbitaceae,Cucurbitaceae,0.0009,
938,155.0,P39,4.0,0.004200000000000001,R6B,57.0,NorthAmerica,Cucurbitaceae,Cucurbitaceae,0.0009,
939,154.0,P39,3.0,0.032299999999999995,R6B,57.0,NorthAmerica,Cucurbitaceae,Cucurbitaceae,0.0009,
940,153.0,P39,2.0,0.0064,R6B,57.0,NorthAmerica,Cucurbitaceae,Cucurbitaceae,0.0009,
941,152.0,P39,1.0,0.0,R6B,57.0,NorthAmerica,Cucurbitaceae,Cucurbitaceae,0.0009,
942,293.0,P455,2.0,0.0091,R3,58.0,Europe,Brassicaceae,Brassicaceae,0.0009,
943,293.0,P455,2.0,0.0063,R1,58.0,Europe,Brassicaceae,Brassicaceae,0.0009,
944,294.0,P455,3.0,0.0052,R1,58.0,Europe,Brassicaceae,Brassicaceae,0.0009,
945,295.0,P455,4.0,0.0033,R1,58.0,Europe,Brassicaceae,Brassicaceae,0.0009,
946,292.0,P455,1.0,0.0121,R7B,58.0,Europe,Brassicaceae,Brassicaceae,0.0009,
947,293.0,P455,2.0,0.0076,R7B,58.0,Europe,Brassicaceae,Brassicaceae,0.0009,
948,292.0,P455,1.0,0.0,R3,58.0,Europe,Brassicaceae,Brassicaceae,0.0009,
949,291.0,P455,4.0,0.0181,R7A,58.0,Europe,Brassicaceae,Brassicaceae,0.0009,
950,289.0,P455,2.0,0.0093,R7A,58.0,Europe,Brassicaceae,Brassicaceae,0.0009,
951,295.0,P455,4.0,0.0227,R7B,58.0,Europe,Brassicaceae,Brassicaceae,0.0009,
952,292.0,P455,1.0,0.0013,R1,58.0,Europe,Brassicaceae,Brassicaceae,0.0009,
953,295.0,P455,4.0,0.009,R3,58.0,Europe,Brassicaceae,Brassicaceae,0.0009,
954,290.0,P455,3.0,0.0294,R7A,58.0,Europe,Brassicaceae,Brassicaceae,0.0009,
955,288.0,P455,1.0,0.0059,R7A,58.0,Europe,Brassicaceae,Brassicaceae,0.0009,
956,294.0,P455,3.0,0.0076,R3,58.0,Europe,Brassicaceae,Brassicaceae,0.0009,
957,294.0,P455,3.0,0.0159,R7B,58.0,Europe,Brassicaceae,Brassicaceae,0.0009,
958,119.0,P29,4.0,0.0536,R7B,59.0,Europe,Brassicaceae,Brassicaceae,0.99204,
959,116.0,P29,1.0,0.0335,R7A,59.0,Europe,Brassicaceae,Brassicaceae,0.99204,
960,118.0,P29,3.0,0.0396,R7B,59.0,Europe,Brassicaceae,Brassicaceae,0.99204,
961,117.0,P29,2.0,0.0412,R7A,59.0,Europe,Brassicaceae,Brassicaceae,0.99204,
962,116.0,P29,1.0,0.0597,R7B,59.0,Europe,Brassicaceae,Brassicaceae,0.99204,
963,119.0,P29,4.0,0.0047,R6B,59.0,Europe,Brassicaceae,Brassicaceae,0.99204,
964,118.0,P29,3.0,0.023,R7A,59.0,Europe,Brassicaceae,Brassicaceae,0.99204,
965,119.0,P29,4.0,0.034,R7A,59.0,Europe,Brassicaceae,Brassicaceae,0.99204,
966,116.0,P29,1.0,0.029,R6B,59.0,Europe,Brassicaceae,Brassicaceae,0.99204,
967,117.0,P29,2.0,0.0144,R6B,59.0,Europe,Brassicaceae,Brassicaceae,0.99204,
968,117.0,P29,2.0,0.0377,R7B,59.0,Europe,Brassicaceae,Brassicaceae,0.99204,
969,118.0,P29,3.0,0.0212,R6B,59.0,Europe,Brassicaceae,Brassicaceae,0.99204,
970,102.0,P24,3.0,0.0076,R1,60.0,Europe,Brassicaceae,Brassicaceae,0.00312,
971,103.0,P24,4.0,0.0119,R3,60.0,Europe,Brassicaceae,Brassicaceae,0.00312,
972,98.0,P24,3.0,0.0358,R5,60.0,Europe,Brassicaceae,Brassicaceae,0.00312,
973,99.0,P24,4.0,0.0173,R4,60.0,Europe,Brassicaceae,Brassicaceae,0.00312,
974,98.0,P24,3.0,0.013699999999999999,R4,60.0,Europe,Brassicaceae,Brassicaceae,0.00312,
975,97.0,P24,2.0,0.0298,R5,60.0,Europe,Brassicaceae,Brassicaceae,0.00312,
976,96.0,P24,1.0,0.023,R5,60.0,Europe,Brassicaceae,Brassicaceae,0.00312,
977,97.0,P24,2.0,0.023399999999999997,R4,60.0,Europe,Brassicaceae,Brassicaceae,0.00312,
978,96.0,P24,1.0,0.0315,R4,60.0,Europe,Brassicaceae,Brassicaceae,0.00312,
979,103.0,P24,4.0,0.0364,R1,60.0,Europe,Brassicaceae,Brassicaceae,0.00312,
980,101.0,P24,2.0,0.0431,R1,60.0,Europe,Brassicaceae,Brassicaceae,0.00312,
981,100.0,P24,1.0,0.0491,R1,60.0,Europe,Brassicaceae,Brassicaceae,0.00312,
982,100.0,P24,1.0,0.0042,R3,60.0,Europe,Brassicaceae,Brassicaceae,0.00312,
983,101.0,P24,2.0,0.0013,R3,60.0,Europe,Brassicaceae,Brassicaceae,0.00312,
984,102.0,P24,3.0,0.0044,R3,60.0,Europe,Brassicaceae,Brassicaceae,0.00312,
985,99.0,P24,4.0,0.0128,R5,60.0,Europe,Brassicaceae,Brassicaceae,0.00312,
986,59.0,P14,4.0,0.004200000000000001,R4,61.0,Europe,Apiaceae,Other dicots,0.00253,
987,58.0,P14,3.0,0.0064,R4,61.0,Europe,Apiaceae,Other dicots,0.00253,
988,63.0,P14,4.0,0.0275,R1,61.0,Europe,Apiaceae,Other dicots,0.00253,
989,61.0,P14,2.0,0.003,R1,61.0,Europe,Apiaceae,Other dicots,0.00253,
990,57.0,P14,2.0,0.03,R4,61.0,Europe,Apiaceae,Other dicots,0.00253,
991,60.0,P14,1.0,0.0005,R1,61.0,Europe,Apiaceae,Other dicots,0.00253,
992,59.0,P14,4.0,0.033100000000000004,R5,61.0,Europe,Apiaceae,Other dicots,0.00253,
993,58.0,P14,3.0,0.0192,R5,61.0,Europe,Apiaceae,Other dicots,0.00253,
994,57.0,P14,2.0,0.0648,R5,61.0,Europe,Apiaceae,Other dicots,0.00253,
995,60.0,P14,1.0,0.0128,R3,61.0,Europe,Apiaceae,Other dicots,0.00253,
996,61.0,P14,2.0,0.0218,R3,61.0,Europe,Apiaceae,Other dicots,0.00253,
997,62.0,P14,3.0,0.0203,R3,61.0,Europe,Apiaceae,Other dicots,0.00253,
998,63.0,P14,4.0,0.0209,R3,61.0,Europe,Apiaceae,Other dicots,0.00253,
999,62.0,P14,3.0,0.0128,R1,61.0,Europe,Apiaceae,Other dicots,0.00253,
1000,56.0,P14,1.0,0.0289,R4,61.0,Europe,Apiaceae,Other dicots,0.00253,
1001,56.0,P14,1.0,0.0432,R5,61.0,Europe,Apiaceae,Other dicots,0.00253,
1002,166.0,P41,3.0,0.0193,R1,62.0,Europe,Hypericaceae,Other dicots,0.02556,
1003,163.0,P41,4.0,0.0119,R7A,62.0,Europe,Hypericaceae,Other dicots,0.02556,
1004,162.0,P41,3.0,0.0,R7A,62.0,Europe,Hypericaceae,Other dicots,0.02556,
1005,161.0,P41,2.0,0.0255,R7A,62.0,Europe,Hypericaceae,Other dicots,0.02556,
1006,160.0,P41,1.0,0.0455,R8A,62.0,Europe,Hypericaceae,Other dicots,0.02556,
1007,160.0,P41,1.0,0.0341,R7A,62.0,Europe,Hypericaceae,Other dicots,0.02556,
1008,161.0,P41,2.0,0.0594,R8A,62.0,Europe,Hypericaceae,Other dicots,0.02556,
1009,162.0,P41,3.0,0.0344,R8A,62.0,Europe,Hypericaceae,Other dicots,0.02556,
1010,165.0,P41,2.0,0.0213,R1,62.0,Europe,Hypericaceae,Other dicots,0.02556,
1011,163.0,P41,4.0,0.0528,R8A,62.0,Europe,Hypericaceae,Other dicots,0.02556,
1012,164.0,P41,1.0,0.034,R1,62.0,Europe,Hypericaceae,Other dicots,0.02556,
1013,160.0,P41,1.0,0.0105,R4,62.0,Europe,Hypericaceae,Other dicots,0.02556,
1014,161.0,P41,2.0,0.0095,R4,62.0,Europe,Hypericaceae,Other dicots,0.02556,
1015,162.0,P41,3.0,0.0052,R4,62.0,Europe,Hypericaceae,Other dicots,0.02556,
1016,167.0,P41,4.0,0.1225,R1,62.0,Europe,Hypericaceae,Other dicots,0.02556,
1017,108.0,P27,1.0,0.0137,R8B,63.0,Europe,Brassicaceae,Brassicaceae,0.60541,
1018,110.0,P27,3.0,0.0075,R7B,63.0,Europe,Brassicaceae,Brassicaceae,0.60541,
1019,109.0,P27,2.0,0.0348,R7B,63.0,Europe,Brassicaceae,Brassicaceae,0.60541,
1020,108.0,P27,1.0,0.0211,R7B,63.0,Europe,Brassicaceae,Brassicaceae,0.60541,
1021,111.0,P27,4.0,0.0159,R7B,63.0,Europe,Brassicaceae,Brassicaceae,0.60541,
1022,111.0,P27,4.0,0.0083,R6B,63.0,Europe,Brassicaceae,Brassicaceae,0.60541,
1023,111.0,P27,4.0,0.026,R8B,63.0,Europe,Brassicaceae,Brassicaceae,0.60541,
1024,110.0,P27,3.0,0.0246,R6B,63.0,Europe,Brassicaceae,Brassicaceae,0.60541,
1025,109.0,P27,2.0,0.022600000000000002,R6B,63.0,Europe,Brassicaceae,Brassicaceae,0.60541,
1026,108.0,P27,1.0,0.0277,R6B,63.0,Europe,Brassicaceae,Brassicaceae,0.60541,
1027,111.0,P27,4.0,0.0433,R7A,63.0,Europe,Brassicaceae,Brassicaceae,0.60541,
1028,109.0,P27,2.0,0.0085,R8B,63.0,Europe,Brassicaceae,Brassicaceae,0.60541,
1029,109.0,P27,2.0,0.0505,R7A,63.0,Europe,Brassicaceae,Brassicaceae,0.60541,
1030,110.0,P27,3.0,0.0139,R7A,63.0,Europe,Brassicaceae,Brassicaceae,0.60541,
1031,108.0,P27,1.0,0.0158,R7A,63.0,Europe,Brassicaceae,Brassicaceae,0.60541,
1032,110.0,P27,3.0,0.0178,R8B,63.0,Europe,Brassicaceae,Brassicaceae,0.60541,
1033,104.0,P26,1.0,0.0078,R5,64.0,Europe,Brassicaceae,Brassicaceae,0.00744,
1034,104.0,P26,1.0,0.0348,R7A,64.0,Europe,Brassicaceae,Brassicaceae,0.00744,
1035,107.0,P26,4.0,0.0128,R4,64.0,Europe,Brassicaceae,Brassicaceae,0.00744,
1036,105.0,P26,2.0,0.0058,R7A,64.0,Europe,Brassicaceae,Brassicaceae,0.00744,
1037,106.0,P26,3.0,0.0112,R7A,64.0,Europe,Brassicaceae,Brassicaceae,0.00744,
1038,107.0,P26,4.0,0.019,R7A,64.0,Europe,Brassicaceae,Brassicaceae,0.00744,
1039,106.0,P26,3.0,0.0264,R5,64.0,Europe,Brassicaceae,Brassicaceae,0.00744,
1040,106.0,P26,3.0,0.0064,R4,64.0,Europe,Brassicaceae,Brassicaceae,0.00744,
1041,105.0,P26,2.0,0.0294,R5,64.0,Europe,Brassicaceae,Brassicaceae,0.00744,
1042,107.0,P26,4.0,0.037700000000000004,R5,64.0,Europe,Brassicaceae,Brassicaceae,0.00744,
1043,105.0,P26,2.0,0.0104,R4,64.0,Europe,Brassicaceae,Brassicaceae,0.00744,
1044,108.0,P26,1.0,0.0524,R1,64.0,Europe,Brassicaceae,Brassicaceae,0.00744,
1045,109.0,P26,2.0,0.0362,R1,64.0,Europe,Brassicaceae,Brassicaceae,0.00744,
1046,111.0,P26,4.0,0.0256,R1,64.0,Europe,Brassicaceae,Brassicaceae,0.00744,
1047,110.0,P26,3.0,0.0349,R1,64.0,Europe,Brassicaceae,Brassicaceae,0.00744,
1048,104.0,P26,1.0,0.0104,R4,64.0,Europe,Brassicaceae,Brassicaceae,0.00744,
1049,71.0,P16,4.0,0.0,R3,65.0,Europe,Brassicaceae,Brassicaceae,0.0009,
1050,70.0,P16,3.0,0.0,R3,65.0,Europe,Brassicaceae,Brassicaceae,0.0009,
1051,69.0,P16,2.0,0.0139,R3,65.0,Europe,Brassicaceae,Brassicaceae,0.0009,
1052,68.0,P16,1.0,0.0513,R3,65.0,Europe,Brassicaceae,Brassicaceae,0.0009,
1053,68.0,P16,1.0,0.0294,R1,65.0,Europe,Brassicaceae,Brassicaceae,0.0009,
1054,65.0,P16,2.0,0.0577,R7A,65.0,Europe,Brassicaceae,Brassicaceae,0.0009,
1055,70.0,P16,3.0,0.0198,R1,65.0,Europe,Brassicaceae,Brassicaceae,0.0009,
1056,71.0,P16,4.0,0.0023,R1,65.0,Europe,Brassicaceae,Brassicaceae,0.0009,
1057,66.0,P16,3.0,0.0479,R7A,65.0,Europe,Brassicaceae,Brassicaceae,0.0009,
1058,67.0,P16,4.0,0.0485,R7A,65.0,Europe,Brassicaceae,Brassicaceae,0.0009,
1059,69.0,P16,2.0,0.0075,R1,65.0,Europe,Brassicaceae,Brassicaceae,0.0009,
1060,64.0,P16,1.0,0.0168,R7A,65.0,Europe,Brassicaceae,Brassicaceae,0.0009,
1061,67.0,P16,4.0,0.0267,R7B,65.0,Europe,Brassicaceae,Brassicaceae,0.0009,
1062,66.0,P16,3.0,0.0105,R7B,65.0,Europe,Brassicaceae,Brassicaceae,0.0009,
1063,65.0,P16,2.0,0.013,R7B,65.0,Europe,Brassicaceae,Brassicaceae,0.0009,
1064,64.0,P16,1.0,0.0078,R7B,65.0,Europe,Brassicaceae,Brassicaceae,0.0009,
1065,178.0,P45,3.0,0.0073,R9,66.0,Europe,Poaceae,Monocots,0.67316,
1066,179.0,P45,4.0,0.0442,R4,66.0,Europe,Poaceae,Monocots,0.67316,
1067,179.0,P45,4.0,0.0436,R9,66.0,Europe,Poaceae,Monocots,0.67316,
1068,180.0,P45,1.0,0.0334,R3,66.0,Europe,Poaceae,Monocots,0.67316,
1069,183.0,P45,4.0,0.0165,R1,66.0,Europe,Poaceae,Monocots,0.67316,
1070,182.0,P45,3.0,0.0116,R1,66.0,Europe,Poaceae,Monocots,0.67316,
1071,181.0,P45,2.0,0.0366,R1,66.0,Europe,Poaceae,Monocots,0.67316,
1072,182.0,P45,3.0,0.0392,R3,66.0,Europe,Poaceae,Monocots,0.67316,
1073,176.0,P45,1.0,0.0356,R4,66.0,Europe,Poaceae,Monocots,0.67316,
1074,177.0,P45,2.0,0.0182,R4,66.0,Europe,Poaceae,Monocots,0.67316,
1075,180.0,P45,1.0,0.0445,R1,66.0,Europe,Poaceae,Monocots,0.67316,
1076,177.0,P45,2.0,0.032,R9,66.0,Europe,Poaceae,Monocots,0.67316,
1077,176.0,P45,1.0,0.0294,R9,66.0,Europe,Poaceae,Monocots,0.67316,
1078,178.0,P45,3.0,0.0173,R4,66.0,Europe,Poaceae,Monocots,0.67316,
1079,181.0,P45,2.0,0.0653,R3,66.0,Europe,Poaceae,Monocots,0.67316,
1080,178.0,P44,3.0,0.0049,R3,67.0,Europe,Apiaceae,Other dicots,0.08049,
1081,179.0,P44,4.0,0.0027,R3,67.0,Europe,Apiaceae,Other dicots,0.08049,
1082,177.0,P44,2.0,0.0032,R3,67.0,Europe,Apiaceae,Other dicots,0.08049,
1083,172.0,P44,1.0,0.0401,R8A,67.0,Europe,Apiaceae,Other dicots,0.08049,
1084,172.0,P44,1.0,0.0115,R5,67.0,Europe,Apiaceae,Other dicots,0.08049,
1085,174.0,P44,3.0,0.0264,R5,67.0,Europe,Apiaceae,Other dicots,0.08049,
1086,175.0,P44,4.0,0.0336,R8A,67.0,Europe,Apiaceae,Other dicots,0.08049,
1087,179.0,P44,4.0,0.0386,R1,67.0,Europe,Apiaceae,Other dicots,0.08049,
1088,178.0,P44,3.0,0.0208,R1,67.0,Europe,Apiaceae,Other dicots,0.08049,
1089,177.0,P44,2.0,0.0098,R1,67.0,Europe,Apiaceae,Other dicots,0.08049,
1090,176.0,P44,1.0,0.0314,R1,67.0,Europe,Apiaceae,Other dicots,0.08049,
1091,174.0,P44,3.0,0.0504,R8A,67.0,Europe,Apiaceae,Other dicots,0.08049,
1092,173.0,P44,2.0,0.0647,R8A,67.0,Europe,Apiaceae,Other dicots,0.08049,
1093,175.0,P44,4.0,0.0522,R5,67.0,Europe,Apiaceae,Other dicots,0.08049,
1094,173.0,P44,2.0,0.0347,R5,67.0,Europe,Apiaceae,Other dicots,0.08049,
1095,176.0,P44,1.0,0.0383,R3,67.0,Europe,Apiaceae,Other dicots,0.08049,
1096,118.0,P28,3.0,0.0349,R3,68.0,Europe,Brassicaceae,Brassicaceae,0.11948,
1097,117.0,P28,2.0,0.0159,R3,68.0,Europe,Brassicaceae,Brassicaceae,0.11948,
1098,116.0,P28,1.0,0.0101,R3,68.0,Europe,Brassicaceae,Brassicaceae,0.11948,
1099,119.0,P28,4.0,0.0389,R3,68.0,Europe,Brassicaceae,Brassicaceae,0.11948,
1100,114.0,P28,3.0,0.0463,R7A,68.0,Europe,Brassicaceae,Brassicaceae,0.11948,
1101,114.0,P28,3.0,0.0254,R7B,68.0,Europe,Brassicaceae,Brassicaceae,0.11948,
1102,115.0,P28,4.0,0.0417,R7A,68.0,Europe,Brassicaceae,Brassicaceae,0.11948,
1103,113.0,P28,2.0,0.0265,R7B,68.0,Europe,Brassicaceae,Brassicaceae,0.11948,
1104,112.0,P28,1.0,0.0292,R7B,68.0,Europe,Brassicaceae,Brassicaceae,0.11948,
1105,112.0,P28,1.0,0.0148,R5,68.0,Europe,Brassicaceae,Brassicaceae,0.11948,
1106,113.0,P28,2.0,0.0054,R5,68.0,Europe,Brassicaceae,Brassicaceae,0.11948,
1107,114.0,P28,3.0,0.0121,R5,68.0,Europe,Brassicaceae,Brassicaceae,0.11948,
1108,112.0,P28,1.0,0.0344,R7A,68.0,Europe,Brassicaceae,Brassicaceae,0.11948,
1109,113.0,P28,2.0,0.0152,R7A,68.0,Europe,Brassicaceae,Brassicaceae,0.11948,
1110,115.0,P28,4.0,0.0083,R5,68.0,Europe,Brassicaceae,Brassicaceae,0.11948,
1111,115.0,P28,4.0,0.0104,R7B,68.0,Europe,Brassicaceae,Brassicaceae,0.11948,
1112,193.0,P48,2.0,0.0542,R1,69.0,Oceania,Solanaceae,Solanaceae,0.49239,
1113,188.0,P48,1.0,0.0396,R8A,69.0,Oceania,Solanaceae,Solanaceae,0.49239,
1114,190.0,P48,3.0,0.0162,R8A,69.0,Oceania,Solanaceae,Solanaceae,0.49239,
1115,188.0,P48,1.0,0.0216,R7A,69.0,Oceania,Solanaceae,Solanaceae,0.49239,
1116,189.0,P48,2.0,0.0085,R7A,69.0,Oceania,Solanaceae,Solanaceae,0.49239,
1117,190.0,P48,3.0,0.0679,R7A,69.0,Oceania,Solanaceae,Solanaceae,0.49239,
1118,191.0,P48,4.0,0.0074,R7A,69.0,Oceania,Solanaceae,Solanaceae,0.49239,
1119,195.0,P48,4.0,0.0566,R1,69.0,Oceania,Solanaceae,Solanaceae,0.49239,
1120,192.0,P48,1.0,0.1138,R1,69.0,Oceania,Solanaceae,Solanaceae,0.49239,
1121,189.0,P48,2.0,0.0483,R8A,69.0,Oceania,Solanaceae,Solanaceae,0.49239,
1122,191.0,P48,4.0,0.0387,R8A,69.0,Oceania,Solanaceae,Solanaceae,0.49239,
1123,194.0,P48,3.0,0.0008,R1,69.0,Oceania,Solanaceae,Solanaceae,0.49239,
1124,191.0,P48,4.0,0.0304,R4,69.0,Oceania,Solanaceae,Solanaceae,0.49239,
1125,190.0,P48,3.0,0.0371,R4,69.0,Oceania,Solanaceae,Solanaceae,0.49239,
1126,188.0,P48,1.0,0.0303,R4,69.0,Oceania,Solanaceae,Solanaceae,0.49239,
1127,189.0,P48,2.0,0.0384,R4,69.0,Oceania,Solanaceae,Solanaceae,0.49239,
1128,278.0,P143,3.0,0.0474,R4,70.0,Europe,Brassicaceae,Brassicaceae,0.0009,
1129,280.0,P143,1.0,0.0093,R1,70.0,Europe,Brassicaceae,Brassicaceae,0.0009,
1130,281.0,P143,2.0,0.0284,R1,70.0,Europe,Brassicaceae,Brassicaceae,0.0009,
1131,282.0,P143,3.0,0.0486,R1,70.0,Europe,Brassicaceae,Brassicaceae,0.0009,
1132,283.0,P143,4.0,0.0683,R1,70.0,Europe,Brassicaceae,Brassicaceae,0.0009,
1133,283.0,P143,8.0,0.0,R7B,70.0,Europe,Brassicaceae,Brassicaceae,0.0009,
1134,276.0,P143,1.0,0.0366,R7A,70.0,Europe,Brassicaceae,Brassicaceae,0.0009,
1135,279.0,P143,4.0,0.060899999999999996,R4,70.0,Europe,Brassicaceae,Brassicaceae,0.0009,
1136,278.0,P143,3.0,0.0083,R7A,70.0,Europe,Brassicaceae,Brassicaceae,0.0009,
1137,277.0,P143,2.0,0.0028,R7A,70.0,Europe,Brassicaceae,Brassicaceae,0.0009,
1138,282.0,P143,7.0,0.0223,R7B,70.0,Europe,Brassicaceae,Brassicaceae,0.0009,
1139,281.0,P143,6.0,0.004,R7B,70.0,Europe,Brassicaceae,Brassicaceae,0.0009,
1140,277.0,P143,2.0,0.025,R4,70.0,Europe,Brassicaceae,Brassicaceae,0.0009,
1141,280.0,P143,5.0,0.0034,R7B,70.0,Europe,Brassicaceae,Brassicaceae,0.0009,
1142,279.0,P143,4.0,0.0215,R7B,70.0,Europe,Brassicaceae,Brassicaceae,0.0009,
1143,276.0,P143,1.0,0.037700000000000004,R4,70.0,Europe,Brassicaceae,Brassicaceae,0.0009,
1144,278.0,P143,3.0,0.0298,R7B,70.0,Europe,Brassicaceae,Brassicaceae,0.0009,
1145,279.0,P143,4.0,0.0,R7A,70.0,Europe,Brassicaceae,Brassicaceae,0.0009,
1146,276.0,P143,1.0,0.0167,R7B,70.0,Europe,Brassicaceae,Brassicaceae,0.0009,
1147,277.0,P143,2.0,0.0,R7B,70.0,Europe,Brassicaceae,Brassicaceae,0.0009,
1148,210.0,P52,3.0,0.0047,R3,71.0,unknown,Not plant,Not plant-isolated,0.0009,
1149,210.0,P52,3.0,0.0386,R1,71.0,unknown,Not plant,Not plant-isolated,0.0009,
1150,211.0,P52,4.0,0.0209,R1,71.0,unknown,Not plant,Not plant-isolated,0.0009,
1151,209.0,P52,2.0,0.0354,R1,71.0,unknown,Not plant,Not plant-isolated,0.0009,
1152,208.0,P52,1.0,0.0529,R1,71.0,unknown,Not plant,Not plant-isolated,0.0009,
1153,211.0,P52,4.0,0.0,R3,71.0,unknown,Not plant,Not plant-isolated,0.0009,
1154,209.0,P52,2.0,0.0057,R3,71.0,unknown,Not plant,Not plant-isolated,0.0009,
1155,205.0,P52,2.0,0.040299999999999996,R4,71.0,unknown,Not plant,Not plant-isolated,0.0009,
1156,208.0,P52,1.0,0.0108,R3,71.0,unknown,Not plant,Not plant-isolated,0.0009,
1157,204.0,P52,1.0,0.0181,R4,71.0,unknown,Not plant,Not plant-isolated,0.0009,
1158,207.0,P52,4.0,0.0258,R4,71.0,unknown,Not plant,Not plant-isolated,0.0009,
1159,204.0,P52,1.0,0.0237,R5,71.0,unknown,Not plant,Not plant-isolated,0.0009,
1160,205.0,P52,2.0,0.0172,R5,71.0,unknown,Not plant,Not plant-isolated,0.0009,
1161,206.0,P52,3.0,0.0147,R5,71.0,unknown,Not plant,Not plant-isolated,0.0009,
1162,207.0,P52,4.0,0.0,R5,71.0,unknown,Not plant,Not plant-isolated,0.0009,
1163,206.0,P52,3.0,0.0343,R4,71.0,unknown,Not plant,Not plant-isolated,0.0009,
1164,62.0,P15,3.0,0.013699999999999999,R6B,72.0,Europe,Violaceae,Other dicots,0.0009,
1165,62.0,P15,3.0,0.0242,R4,72.0,Europe,Violaceae,Other dicots,0.0009,
1166,61.0,P15,2.0,0.0154,R4,72.0,Europe,Violaceae,Other dicots,0.0009,
1167,61.0,P15,2.0,0.022699999999999998,R6B,72.0,Europe,Violaceae,Other dicots,0.0009,
1168,60.0,P15,1.0,0.0256,R4,72.0,Europe,Violaceae,Other dicots,0.0009,
1169,61.0,P15,2.0,0.0006,R6A,72.0,Europe,Violaceae,Other dicots,0.0009,
1170,62.0,P15,3.0,0.0024,R6A,72.0,Europe,Violaceae,Other dicots,0.0009,
1171,63.0,P15,4.0,0.0,R7A,72.0,Europe,Violaceae,Other dicots,0.0009,
1172,62.0,P15,3.0,0.0,R7A,72.0,Europe,Violaceae,Other dicots,0.0009,
1173,61.0,P15,2.0,0.0032,R7A,72.0,Europe,Violaceae,Other dicots,0.0009,
1174,60.0,P15,1.0,0.001,R7A,72.0,Europe,Violaceae,Other dicots,0.0009,
1175,63.0,P15,4.0,0.0363,R6A,72.0,Europe,Violaceae,Other dicots,0.0009,
1176,60.0,P15,1.0,0.0185,R6B,72.0,Europe,Violaceae,Other dicots,0.0009,
1177,63.0,P15,4.0,0.014,R6B,72.0,Europe,Violaceae,Other dicots,0.0009,
1178,60.0,P15,1.0,0.0011,R6A,72.0,Europe,Violaceae,Other dicots,0.0009,
1179,63.0,P15,4.0,0.0212,R4,72.0,Europe,Violaceae,Other dicots,0.0009,
MOCK,,,,,,,,,,,0.0
